FROM\TO,Battle,Character,CurveData,Debug,Editor,Effect,Environment,Event,ExtTex,Flipbook,Geometry,Level,Library,Local,Map,Object,PostProcess,Sound,StarterContent,System,Test,Texture,UI,UltimateRiverTool
Battle,308,1,0,0,0,0,0,0,0,0,0,0,2,0,0,0,0,0,0,0,0,0,2,0
Character,0,26847,12,0,0,2,17,0,0,0,0,0,0,0,15,3,0,0,0,7,0,0,1,0
CurveData,0,0,0,0,0,0,0,0,0,0,0,0,0,0,0,0,0,0,0,0,0,0,0,0
Debug,0,0,0,3204,1,1,1,0,0,0,0,0,3,0,5,2,0,0,0,1,6,0,26,0
Editor,0,0,0,0,34,0,0,0,0,0,0,0,0,0,2,0,0,0,0,0,0,0,0,0
Effect,0,6,0,0,6,36130,60,0,0,0,0,99,0,0,171,337,0,2,0,0,0,0,14,6
Environment,0,20,0,0,105,230,10985,0,0,0,0,0,0,0,191,154,2,16,0,0,0,130,0,154
Event,0,1,0,0,0,1,0,139,0,0,0,0,1,0,0,0,0,0,0,0,0,0,2,0
ExtTex,0,0,0,0,0,0,0,0,0,0,0,0,0,0,0,0,0,0,0,0,0,0,0,0
Flipbook,0,1,0,0,0,0,0,0,0,0,0,0,0,0,0,0,0,0,0,0,0,0,0,0
Geometry,0,0,0,0,0,0,0,0,0,0,1,0,0,0,0,0,0,0,0,0,0,0,0,0
Level,0,242,1357,0,94,1234,15576,0,5,0,566,2382,0,0,23435,38274,93,1051,1,9,1,0,65,94
Library,0,1,0,0,0,0,0,0,0,0,0,0,21,0,0,0,0,0,0,1,0,0,0,0
Local,0,1062,0,0,0,2671,1,0,5097,5,0,1688,0,0,1,955,0,624,0,0,0,0,2669,0
Map,0,0,0,0,0,265,203,0,0,0,0,30,0,0,11152,1156,0,0,0,0,0,0,43,0
Object,0,956,5,0,0,231,351,0,2,0,25,4,1,0,8159,18929,0,81,0,0,0,6,1,2
PostProcess,0,0,0,0,0,0,2,0,0,0,0,0,0,0,0,0,0,0,0,0,0,0,0,0
Sound,0,0,0,0,0,0,0,0,0,0,0,0,0,0,0,0,0,306,0,0,0,0,0,0
StarterContent,0,0,0,0,0,0,0,0,0,0,0,0,0,0,0,0,0,0,0,0,0,0,0,0
System,1,3,0,1,0,0,0,1,0,0,0,0,0,0,0,0,0,0,0,114,0,0,12,0
Test,0,0,0,0,0,0,0,0,0,0,0,0,0,0,0,0,0,0,0,0,4,0,0,0
Texture,0,0,0,0,0,0,0,0,0,0,0,0,0,0,0,0,0,0,0,0,0,0,0,0
UI,0,8,0,0,0,3,0,0,17,0,0,31,2,0,65,17,0,0,0,1,10,0,17778,0
UltimateRiverTool,0,0,0,0,0,0,2,0,0,0,0,0,0,0,0,0,0,0,0,0,0,0,0,0
