asset_path,out_degree,cross_folder_count,connected_folders
Game/Level/Area/V1_0_0/QPSCity/Map_TP_QPSCity_N0_1001_B1,343,10,Character;CurveData;Editor;Environment;Geometry;Map;Object;PostProcess;Sound;UltimateRiverTool
Game/Level/Area/V1_0_0/QPSCity/Map_FP_QPSCity_N0_1001_A1,197,10,Character;CurveData;Editor;Effect;Environment;Geometry;Map;Object;Sound;UltimateRiverTool
Game/Level/Area/V1_0_0/QPSSea/Map_TP_QPSSea_N0_1001_A1,453,10,Character;CurveData;Editor;Effect;Environment;Geometry;Map;Object;Sound;UltimateRiverTool
Game/Level/Area/V1_0_0/QPSMount/Map_TP_QPSMount_N0_1002_A1,201,10,Character;CurveData;Editor;Effect;Environment;Geometry;Map;Object;Sound;UltimateRiverTool
Game/Level/Area/V1_0_0/QPSMount/Map_TP_QPSMount_N0_1001_A1,276,10,Character;CurveData;Editor;Effect;Environment;Geometry;Map;Object;Sound;UltimateRiverTool
Game/Level/Area/V1_0_0/QPSWilderness/Map_FP_QPSWilderness_N0_1002_A1,172,10,Character;CurveData;Editor;Effect;Environment;Geometry;Map;Object;Sound;UltimateRiverTool
Game/Level/Area/V1_0_0/QPSIsland/Map_TP_QPSIsland_N0_1001_A1,289,10,Character;CurveData;Editor;Effect;Environment;Geometry;Map;Object;Sound;UltimateRiverTool
Game/Level/Area/V1_0_0/QPSCity1/Map_FP_QPSCity1_N0_3002_A1,153,10,Character;CurveData;Editor;Effect;Environment;Geometry;Map;PostProcess;Sound;UltimateRiverTool
Game/Level/Area/V1_0_0/QPSCity1/Map_TP_QPSCity1_N0_3001_A1,235,10,Character;CurveData;Editor;Effect;Environment;Geometry;Map;Object;Sound;UltimateRiverTool
Game/Level/Area/V1_0_0/QPSSnow/Map_TP_QPSSnow_N0_1001_A1,211,10,Character;CurveData;Editor;Effect;Environment;Geometry;Map;Object;Sound;UltimateRiverTool
Game/Level/Area/V1_0_0/QPSForest/Map_FP_QPSForest_N0_1002_A1,182,10,Character;CurveData;Editor;Effect;Environment;Geometry;Map;Object;Sound;UltimateRiverTool
Game/Level/Area/V1_0_0/QPSForest/Map_TP_QPSForest_N0_1001_B1,164,10,Character;CurveData;Editor;Effect;Environment;Geometry;Map;Object;Sound;UltimateRiverTool
Game/Level/Area/V1_0_0/QPSCity/Map_DP_QPSCity_N0_2001_A1,279,9,CurveData;Editor;Effect;Environment;Geometry;Map;Object;Sound;UltimateRiverTool
Game/Level/Area/V1_0_0/QPSCity/Map_FP_QPSCity_N0_2001_A1,85,9,CurveData;Editor;Effect;Environment;Geometry;Map;Object;Sound;UltimateRiverTool
Game/Level/Area/V1_0_0/QPSCity/Map_TP_QPSCity_N0_2001_A2,230,9,Character;CurveData;Editor;Environment;Geometry;Map;Object;Sound;UltimateRiverTool
Game/Level/Area/V1_0_0/QPSCity/Map_TP_QPSCity_N0_2001_A1,328,9,Character;CurveData;Editor;Environment;Geometry;Map;Object;Sound;UltimateRiverTool
Game/Level/Area/V1_0_0/QPSSea/Map_FP_QPSSea_N0_1004_A2,130,9,Character;CurveData;Editor;Effect;Environment;Geometry;Map;Sound;UltimateRiverTool
Game/Level/Area/V1_0_0/QPSSea/Map_FP_QPSSea_N0_1004_A3,130,9,Character;CurveData;Editor;Effect;Environment;Geometry;Map;Sound;UltimateRiverTool
Game/Level/Area/V1_0_0/QPSSea/Map_FP_QPSSea_N0_1004_A1,130,9,Character;CurveData;Editor;Effect;Environment;Geometry;Map;Sound;UltimateRiverTool
Game/Level/Area/V1_0_0/QPSMount/Map_FP_QPSMount_N0_1001_A1,163,9,Character;CurveData;Editor;Effect;Environment;Map;Object;Sound;UltimateRiverTool
Game/Level/Area/V1_0_0/QPSOther/Map_FP_QPSOther_N0_0001_A1,85,9,CurveData;Editor;Effect;Environment;Geometry;Map;Object;Sound;UltimateRiverTool
Game/Level/Area/V1_0_0/QPSOther/Map_DP_QPSOther_N0_1001_A1,101,9,CurveData;Editor;Effect;Environment;Geometry;Map;Object;Sound;UltimateRiverTool
Game/Level/Area/V1_0_0/QPSWilderness/Map_DP_QPSWilderness_N0_1002_C1,120,9,Character;CurveData;Editor;Environment;Map;Object;PostProcess;Sound;UltimateRiverTool
Game/Level/Area/V1_0_0/QPSWilderness/Map_DP_QPSWilderness_N0_1002_A1,221,9,CurveData;Editor;Effect;Environment;Geometry;Map;Object;Sound;UltimateRiverTool
Game/Level/Area/V1_0_0/QPSWilderness/Map_DP_QPSWilderness_N0_1002_A2,157,9,CurveData;Editor;Effect;Environment;Geometry;Map;Object;Sound;UltimateRiverTool
Game/Level/Area/V1_0_0/QPSIsland/Map_FP_QPSIsland_N0_1001_A1,123,9,Character;CurveData;Editor;Effect;Environment;Geometry;Map;Sound;UltimateRiverTool
Game/Level/Area/V1_0_0/QPSIsland/Map_DP_QPSIsland_N0_1001_A1,135,9,Character;CurveData;Editor;Effect;Environment;Geometry;Map;Sound;UltimateRiverTool
Game/Level/Area/V1_0_0/QPSDesert/Map_TP_QPSDesert_N0_1001_A1,111,9,Character;CurveData;Editor;Effect;Environment;Geometry;Map;Sound;UltimateRiverTool
Game/Level/Area/V1_0_0/QPSDesert/Map_DP_QPSDesert_N0_1001_A1,87,9,Character;CurveData;Editor;Effect;Environment;Geometry;Map;Sound;UltimateRiverTool
Game/Level/Area/V1_0_0/QPSDesert/Map_FP_QPSDesert_N0_1001_A1,108,9,Character;CurveData;Editor;Effect;Environment;Geometry;Map;Sound;UltimateRiverTool
Game/Level/Area/V1_0_0/QPSCity1/Map_FP_QPSCity1_N0_3001_A1,138,9,Character;CurveData;Editor;Effect;Environment;Geometry;Map;Sound;UltimateRiverTool
Game/Level/Area/V1_0_0/QPSForest/Map_TP_QPSForest_N0_1001_A1,304,9,Character;CurveData;Editor;Environment;Geometry;Map;Object;Sound;UltimateRiverTool
Game/Level/Area/V1_0_0/QPSCity/Map_TP_QPSCity_N0_1001_A1,431,8,Character;CurveData;Effect;Environment;Geometry;Map;Object;Sound
Game/Level/Area/V1_0_0/QPSSea/Map_DP_QPSSea_N0_1001_A3,127,8,Character;CurveData;Editor;Environment;Geometry;Map;Sound;UltimateRiverTool
Game/Level/Area/V1_0_0/QPSSea/Map_FP_QPSSea_N0_1003_A1,207,8,Character;CurveData;Editor;Effect;Environment;Map;Sound;UltimateRiverTool
Game/Level/Area/V1_0_0/QPSSea/Map_DP_QPSSea_N0_1002_A1,63,8,CurveData;Editor;Effect;Environment;Geometry;Map;Sound;UltimateRiverTool
Game/Level/Area/V1_0_0/QPSSea/Map_FP_QPSSea_N0_1002_A1,127,8,Character;CurveData;Editor;Effect;Environment;Map;Sound;UltimateRiverTool
Game/Level/Area/V1_0_0/QPSSea/Map_EV_QPSSea_N0_1002_A1,279,8,Character;Editor;Effect;Environment;Geometry;Map;Sound;UltimateRiverTool
Game/Level/Area/V1_0_0/QPSMount/Map_FP_QPSMount_N0_1002_A1,102,8,CurveData;Editor;Effect;Environment;Map;Object;Sound;UltimateRiverTool
Game/Level/Area/V1_0_0/Sea/Map_EV_Sea_N0_1001_A1,90,8,Editor;Effect;Environment;Geometry;Map;Object;Sound;UltimateRiverTool
Game/Level/Area/V1_0_0/QPSOther/Map_EV_QPSOther_N0_1003_A1,72,8,Editor;Effect;Environment;Geometry;Map;Object;Sound;UltimateRiverTool
Game/Level/Area/V1_0_0/QPSWilderness/Map_FP_QPSWilderness_N0_1001_A1,149,8,Character;CurveData;Editor;Environment;Geometry;Map;Sound;UltimateRiverTool
Game/Level/Area/V1_0_0/QPSWilderness/Map_DP_QPSWilderness_N0_1002_B1,131,8,CurveData;Editor;Effect;Environment;Geometry;Map;Sound;UltimateRiverTool
Game/Level/Area/V1_0_0/QPSWilderness/Map_DP_QPSWilderness_N0_1001_A1,119,8,CurveData;Editor;Environment;Geometry;Map;Object;Sound;UltimateRiverTool
Game/Level/Area/V1_0_0/QPSIsland/Map_FP_QPSIsland_N0_1002_A1,179,8,Character;CurveData;Editor;Effect;Environment;Map;Sound;UltimateRiverTool
Game/Level/Area/V1_0_0/QPSSnow/Map_FP_QPSSnow_N0_1001_A1,106,8,Character;CurveData;Editor;Effect;Environment;Map;Sound;UltimateRiverTool
Game/Level/Area/V1_0_0/QPSSnow/Map_DP_QPSSnow_N0_1001_A2,86,8,CurveData;Editor;Effect;Environment;Geometry;Map;Sound;UltimateRiverTool
Game/Level/Area/V1_0_0/QPSForest/Map_FP_QPSForest_N0_1001_A1,136,8,Character;CurveData;Editor;Effect;Environment;Map;Sound;UltimateRiverTool
Game/Level/Area/V1_0_0/QPSForest/Map_DP_QPSForest_N0_1002_A1,92,8,CurveData;Editor;Effect;Environment;Geometry;Map;Sound;UltimateRiverTool
Game/Level/Area/V1_0_0/QPSForest/Map_DP_QPSForest_N0_1001_A1,114,8,Character;CurveData;Editor;Effect;Environment;Map;Sound;UltimateRiverTool
Game/Level/Area/V1_0_0/Danas/Map_DP_Danas_N0_1001_F1,182,8,CurveData;Effect;Environment;Geometry;Map;Object;PostProcess;Sound
Game/Level/Area/V1_0_0/Danas/Map_DP_Danas_N0_1001_A1,119,8,CurveData;Effect;Environment;Geometry;Map;Object;PostProcess;Sound
Game/Level/Area/V1_0_0/Snow/Map_DP_Snow_N0_2003_B2,69,7,CurveData;Effect;Geometry;Map;Object;Sound;UI
Game/Level/Area/V1_0_0/QPSCity/Map_DP_QPSCity_N0_2001_C1,84,7,CurveData;Effect;Environment;Geometry;Map;PostProcess;Sound
Game/Level/Area/V1_0_0/QPSCity/Map_DP_QPSCity_N0_2001_D1,87,7,CurveData;Effect;Environment;Geometry;Map;Object;Sound
Game/Level/Area/V1_0_0/QPSCity/Map_DP_QPSCity_N0_2001_B2,173,7,CurveData;Effect;Environment;Geometry;Map;PostProcess;Sound
Game/Level/Area/V1_0_0/QPSSea/Map_DP_QPSSea_N0_1001_A1,79,7,CurveData;Editor;Environment;Geometry;Map;Sound;UltimateRiverTool
Game/Level/Area/V1_0_0/QPSOther/Map_EV_QPSOther_N0_1004_A1,71,7,CurveData;Editor;Effect;Environment;Geometry;Object;UltimateRiverTool
Game/Level/Area/V1_0_0/Ragasa/Map_DP_Ragasa_N0_0006_A1,84,7,CurveData;Effect;Geometry;Map;Object;Sound;System
Game/Level/Area/V1_0_0/QPSWilderness/Map_DP_QPSWilderness_N0_1002_B2,104,7,CurveData;Editor;Environment;Geometry;Object;Sound;UltimateRiverTool
Game/Level/Area/V1_0_0/QPSWilderness/Map_EV_QPSWilderness_N0_1002_C1,116,7,Character;Editor;Environment;Map;PostProcess;Sound;UltimateRiverTool
Game/Level/Area/V1_0_0/Krosa/Map_DP_Krosa_N0_1001_C1,26,7,CurveData;Effect;Environment;Geometry;Map;Object;Sound
Game/Level/Area/V1_0_0/QPSIsland/Map_DB_QPSIsland_N0_1001_A1,75,7,Editor;Effect;Environment;Map;Sound;System;UltimateRiverTool
Game/Level/Area/V1_0_0/Tower1/Map_EV_Tower1_N0_0002_B3,31,7,CurveData;Effect;Environment;Geometry;Map;Object;Sound
Game/Level/Area/V1_0_0/QPSDesert/Map_DP_QPSDesert_N0_1001_A2,80,7,Character;CurveData;Editor;Effect;Environment;Sound;UltimateRiverTool
Game/Level/Area/V1_0_0/Plain/Map_DP_Plain_N0_0004_C3,192,7,CurveData;Effect;Environment;Geometry;Map;Object;Sound
Game/Level/Area/V1_0_0/Plain/Map_DP_Plain_N0_0004_C1,230,7,CurveData;Effect;Environment;Geometry;Map;Object;Sound
Game/Level/Area/V1_0_0/Plain/Map_DP_Plain_N0_0004_A1,201,7,CurveData;Effect;Environment;Geometry;Map;Object;Sound
Game/Level/Area/V1_0_0/Plain/Map_DP_Plain_N0_0004_B1,215,7,CurveData;Effect;Environment;Geometry;Map;Object;Sound
Game/Level/Area/V1_0_0/Plain/Map_DP_Plain_N0_0004_C2,149,7,CurveData;Effect;Environment;Geometry;Map;Object;Sound
Game/Level/Area/V1_0_0/QPSCity1/Map_DP_QPSCity1_N0_3001_A1,112,7,CurveData;Editor;Effect;Environment;Geometry;Sound;UltimateRiverTool
Game/Level/Area/V1_0_0/Other/Map_EV_Other_N0_2056_A1,115,7,Character;Editor;Effect;Environment;Map;Sound;UltimateRiverTool
Game/Level/Area/V1_0_0/QPSSnow/Map_FP_QPSSnow_N0_1002_A1,81,7,Character;CurveData;Editor;Effect;Environment;Sound;UltimateRiverTool
Game/Level/Area/V1_0_0/Danas/Map_DP_Danas_N0_1001_D1,137,7,CurveData;Effect;Environment;Geometry;Map;Object;Sound
Game/Level/Area/V1_0_0/Danas/Map_DP_Danas_N0_1001_E1,199,7,CurveData;Effect;Environment;Geometry;Map;Object;Sound
Game/Level/Area/V1_0_0/Danas/Map_DP_Danas_N0_1001_B1,108,7,CurveData;Effect;Environment;Geometry;Map;Object;Sound
Game/Level/Area/V1_0_0/Heaven/Map_DP_Heaven_N0_1002_F1,81,7,Character;CurveData;Effect;Geometry;Map;Object;Sound
Game/Level/Area/V1_0_0/Jangmi/Map_HP_Jangmi_N0_0004_A1,118,7,CurveData;Effect;Environment;Geometry;Map;Object;Sound
Game/Level/Area/V1_0_0/Nakri/Map_EV_Nakri_N0_1001_A1,66,6,CurveData;Effect;Environment;Geometry;Object;StarterContent
Game/Level/Area/V1_0_0/Hell/Map_DP_Hell_N0_2001_G1,139,6,CurveData;Effect;Geometry;Map;Object;Sound
Game/Level/Area/V1_0_0/Hell/Map_DP_Hell_N0_2001_A1,80,6,CurveData;Geometry;Map;Object;Sound;System
Game/Level/Area/V1_0_0/Hell/Map_DP_Hell_N0_2001_B1,136,6,CurveData;Effect;Geometry;Map;Object;Sound
Game/Level/Area/V1_0_0/Snow/Map_DP_Snow_N0_1003_B1,159,6,CurveData;Effect;Geometry;Map;Object;Sound
Game/Level/Area/V1_0_0/Snow/Map_TP_Snow_N0_2003_B1,176,6,CurveData;Effect;Geometry;Map;Object;Sound
Game/Level/Area/V1_0_0/Snow/Map_TP_Snow_N0_1001_A1,280,6,CurveData;Effect;Geometry;Map;Object;Sound
Game/Level/Area/V1_0_0/Snow/Map_TP_Snow_N0_2001_A1,279,6,CurveData;Effect;Geometry;Map;Object;Sound
Game/Level/Area/V1_0_0/Snow/Map_TP_Snow_N0_2002_A1,269,6,CurveData;Effect;Geometry;Map;Object;Sound
Game/Level/Area/V1_0_0/Snow/Map_TP_Snow_N0_2003_A1,279,6,CurveData;Effect;Geometry;Map;Object;Sound
Game/Level/Area/V1_0_0/Snow/Map_DP_Snow_N0_2003_B6,93,6,CurveData;Effect;Geometry;Map;Object;Sound
Game/Level/Area/V1_0_0/Snow/Map_DP_Snow_N0_2003_B1,106,6,CurveData;Effect;Geometry;Map;Object;Sound
Game/Level/Area/V1_0_0/Snow/Map_TP_Snow_N0_2003_C1,270,6,CurveData;Effect;Geometry;Map;Object;Sound
Game/Level/Area/V1_0_0/Snow/Map_TP_Snow_N0_1001_C1,109,6,CurveData;Effect;Geometry;Map;Object;Sound
Game/Level/Area/V1_0_0/Snow/Map_TP_Snow_N0_2001_B1,119,6,CurveData;Effect;Geometry;Map;Object;Sound
Game/Level/Area/V1_0_0/Snow/Map_DP_Snow_N0_1002_A1,252,6,CurveData;Effect;Geometry;Map;Object;Sound
Game/Level/Area/V1_0_0/Snow/Map_EV_Snow_N0_2001_A1,59,6,CurveData;Effect;Geometry;Map;Object;Sound
Game/Level/Area/V1_0_0/Snow/Map_DP_Snow_N0_2003_B8,93,6,CurveData;Effect;Geometry;Map;Object;Sound
Game/Level/Area/V1_0_0/Snow/Map_DP_Snow_N0_2003_B7,92,6,CurveData;Effect;Geometry;Map;Object;Sound
Game/Level/Area/V1_0_0/Snow/Map_DP_Snow_N0_1004_A1,66,6,CurveData;Effect;Geometry;Map;Object;Sound
Game/Level/Area/V1_0_0/Snow/Map_FP_Snow_N0_2002_A1,63,6,CurveData;Effect;Geometry;Map;Object;Sound
Game/Level/Area/V1_0_0/Snow/Map_DP_Snow_N0_1003_A1,115,6,CurveData;Effect;Geometry;Map;Object;Sound
Game/Level/Area/V1_0_0/Snow/Map_TP_Snow_N0_1001_B1,182,6,CurveData;Effect;Geometry;Map;Object;Sound
Game/Level/Area/V1_0_0/Snow/Map_DP_Snow_N0_2002_C1,132,6,CurveData;Effect;Geometry;Map;Object;Sound
Game/Level/Area/V1_0_0/Snow/Map_DP_Snow_N0_2003_B5,113,6,CurveData;Effect;Geometry;Map;Object;Sound
Game/Level/Area/V1_0_0/Snow/Map_DP_Snow_N0_2003_B3,92,6,CurveData;Effect;Geometry;Map;Object;Sound
Game/Level/Area/V1_0_0/Snow/Map_DP_Snow_N0_1001_A1,89,6,CurveData;Effect;Geometry;Map;Object;Sound
Game/Level/Area/V1_0_0/Snow/Map_FP_Snow_N0_2001_A1,134,6,CurveData;Effect;Geometry;Map;Object;Sound
Game/Level/Area/V1_0_0/Snow/Map_FP_Snow_N0_1001_A1,80,6,CurveData;Effect;Geometry;Map;Object;Sound
Game/Level/Area/V1_0_0/River/Map_FP_River_N0_1002_A1,83,6,CurveData;Effect;Geometry;Map;Object;Sound
Game/Level/Area/V1_0_0/River/Map_TP_River_N0_2001_A1,368,6,CurveData;Effect;Geometry;Map;Object;Sound
Game/Level/Area/V1_0_0/River/Map_FP_River_N0_2001_A1,125,6,CurveData;Effect;Geometry;Map;Object;Sound
Game/Level/Area/V1_0_0/River/Map_DP_River_N0_1002_A1,139,6,CurveData;Effect;Geometry;Map;Object;Sound
Game/Level/Area/V1_0_0/River/Map_TP_River_N0_2001_B1,175,6,CurveData;Effect;Geometry;Map;Object;Sound
Game/Level/Area/V1_0_0/QPSCity/Map_DP_QPSCity_N0_2001_B4,103,6,CurveData;Effect;Environment;Geometry;Map;Sound
Game/Level/Area/V1_0_0/QPSCity/Map_DP_QPSCity_N0_1001_A1,182,6,CurveData;Effect;Environment;Map;Object;Sound
Game/Level/Area/V1_0_0/QPSCity/Map_DP_QPSCity_N0_2001_B1,140,6,CurveData;Effect;Environment;Geometry;Map;Sound
Game/Level/Area/V1_0_0/QPSSea/Map_FB_QPSSea_N0_1004_A1,74,6,Character;Editor;Effect;Environment;Map;UltimateRiverTool
Game/Level/Area/V1_0_0/Mount/Map_FP_Mount_N0_2003_A1,144,6,CurveData;Effect;Geometry;Map;Object;Sound
Game/Level/Area/V1_0_0/Mount/Map_FP_Mount_N0_2002_A1,178,6,CurveData;Effect;Geometry;Map;Object;Sound
Game/Level/Area/V1_0_0/Mount/Map_DP_Mount_N0_2001_D1,187,6,CurveData;Effect;Geometry;Map;Object;Sound
Game/Level/Area/V1_0_0/Mount/Map_TP_Mount_N0_2001_A1,349,6,CurveData;Effect;Geometry;Map;Object;Sound
Game/Level/Area/V1_0_0/Mount/Map_TP_Mount_N0_1002_B1,354,6,CurveData;Effect;Geometry;Map;Object;Sound
Game/Level/Area/V1_0_0/QPSMount/Map_TB_QPSMount_N0_1001_A1,83,6,Character;Editor;Effect;Environment;Map;UltimateRiverTool
Game/Level/Area/V1_0_0/QPSMount/Map_DP_QPSMount_N0_1001_B1,197,6,CurveData;Effect;Environment;Geometry;Object;Sound
Game/Level/Area/V1_0_0/Sea/Map_DP_Sea_N0_2002_B1,96,6,CurveData;Effect;Geometry;Map;Object;Sound
Game/Level/Area/V1_0_0/Sea/Map_FP_Sea_N0_1002_A1,128,6,CurveData;Effect;Geometry;Map;Object;Sound
Game/Level/Area/V1_0_0/Sea/Map_DP_Sea_N0_2002_A2,118,6,CurveData;Effect;Geometry;Map;Object;Sound
Game/Level/Area/V1_0_0/Sea/Map_TP_Sea_N0_1001_A1,338,6,CurveData;Effect;Geometry;Map;Object;Sound
Game/Level/Area/V1_0_0/Sea/Map_DP_Sea_N0_1001_C1,84,6,CurveData;Effect;Geometry;Map;Object;Sound
Game/Level/Area/V1_0_0/Sea/Map_DP_Sea_N0_2002_C1,130,6,CurveData;Effect;Geometry;Map;Object;Sound
Game/Level/Area/V1_0_0/Sea/Map_FP_Sea_N0_2001_A1,163,6,CurveData;Effect;Geometry;Map;Object;Sound
Game/Level/Area/V1_0_0/Sea/Map_TP_Sea_N0_2001_D1,144,6,CurveData;Effect;Geometry;Map;Object;Sound
Game/Level/Area/V1_0_0/Sea/Map_TP_Sea_N0_2002_A1,318,6,CurveData;Effect;Geometry;Map;Object;Sound
Game/Level/Area/V1_0_0/Sea/Map_DP_Sea_N0_2002_B2,145,6,CurveData;Effect;Geometry;Map;Object;Sound
Game/Level/Area/V1_0_0/Sea/Map_TP_Sea_N0_2001_A1,378,6,CurveData;Effect;Geometry;Map;Object;Sound
Game/Level/Area/V1_0_0/Sea/Map_TP_Sea_N0_2001_B1,261,6,CurveData;Effect;Geometry;Map;Object;Sound
Game/Level/Area/V1_0_0/Sea/Map_DP_Sea_N0_2001_A1,161,6,CurveData;Effect;Geometry;Map;Object;Sound
Game/Level/Area/V1_0_0/Sea/Map_DP_Sea_N0_2001_B1,160,6,CurveData;Effect;Geometry;Map;Object;Sound
Game/Level/Area/V1_0_0/Sea/Map_DP_Sea_N0_2002_A1,93,6,CurveData;Effect;Geometry;Map;Object;Sound
Game/Level/Area/V1_0_0/QPSOther/Map_DP_QPSOther_N0_1002_A1,99,6,CurveData;Effect;Environment;Geometry;Map;Sound
Game/Level/Area/V1_0_0/QPSOther/Map_EV_QPSOther_N0_1005_A1,64,6,CurveData;Effect;Environment;Geometry;Map;Object
Game/Level/Area/V1_0_0/Desert/Map_DP_Desert_N0_2009_A1,129,6,CurveData;Effect;Geometry;Map;Object;Sound
Game/Level/Area/V1_0_0/Desert/Map_DP_Desert_N0_1009_A1,162,6,CurveData;Effect;Geometry;Map;Object;Sound
Game/Level/Area/V1_0_0/Desert/Map_DP_Desert_N0_2002_C1,141,6,CurveData;Effect;Geometry;Map;Object;Sound
Game/Level/Area/V1_0_0/Desert/Map_DP_Desert_N0_2002_B1,133,6,CurveData;Effect;Geometry;Map;Object;Sound
Game/Level/Area/V1_0_0/Desert/Map_FP_Desert_N0_1001_A1,93,6,CurveData;Effect;Geometry;Map;Object;Sound
Game/Level/Area/V1_0_0/Desert/Map_HP_Desert_N0_1009_A1,163,6,CurveData;Effect;Geometry;Map;Object;Sound
Game/Level/Area/V1_0_0/Desert/Map_TP_Desert_N0_2001_B1,159,6,CurveData;Effect;Geometry;Map;Object;Sound
Game/Level/Area/V1_0_0/Desert/Map_DP_Desert_N0_2002_D1,79,6,CurveData;Effect;Geometry;Map;Object;Sound
Game/Level/Area/V1_0_0/Desert/Map_TP_Desert_N0_1001_A1,324,6,CurveData;Effect;Geometry;Map;Object;Sound
Game/Level/Area/V1_0_0/Desert/Map_DP_Desert_N0_2002_A1,130,6,CurveData;Effect;Geometry;Map;Object;Sound
Game/Level/Area/V1_0_0/Desert/Map_TP_Desert_N0_2001_A1,371,6,CurveData;Effect;Geometry;Map;Object;Sound
Game/Level/Area/V1_0_0/Forest/Map_FP_Forest_N0_1001_A1,94,6,CurveData;Effect;Geometry;Map;Object;Sound
Game/Level/Area/V1_0_0/Forest/Map_TP_Forest_N0_2002_A1,252,6,CurveData;Effect;Geometry;Map;Object;Sound
Game/Level/Area/V1_0_0/Forest/Map_TP_Forest_N0_2001_A1,327,6,CurveData;Effect;Geometry;Map;Object;Sound
Game/Level/Area/V1_0_0/Forest/Map_DP_Forest_N0_2009_A1,113,6,CurveData;Effect;Geometry;Map;Object;Sound
Game/Level/Area/V1_0_0/Forest/Map_DP_Forest_N0_1003_A1,184,6,CurveData;Effect;Geometry;Map;Object;Sound
Game/Level/Area/V1_0_0/Forest/Map_TP_Forest_N0_2001_C1,213,6,CurveData;Effect;Geometry;Map;Object;Sound
Game/Level/Area/V1_0_0/Forest/Map_TP_Forest_N0_2001_B1,176,6,CurveData;Effect;Geometry;Map;Object;Sound
Game/Level/Area/V1_0_0/Forest/Map_FP_Forest_N0_2001_A1,115,6,CurveData;Effect;Geometry;Map;Object;Sound
Game/Level/Area/V1_0_0/Forest/Map_TP_Forest_N0_2002_B1,260,6,CurveData;Effect;Geometry;Map;Object;Sound
Game/Level/Area/V1_0_0/Forest/Map_DP_Forest_N0_1001_A1,89,6,CurveData;Effect;Geometry;Map;Object;Sound
Game/Level/Area/V1_0_0/Forest/Map_DP_Forest_N0_2001_B1,157,6,CurveData;Effect;Geometry;Map;Object;Sound
Game/Level/Area/V1_0_0/Forest/Map_DP_Forest_N0_1002_B1,205,6,CurveData;Effect;Geometry;Map;Object;Sound
Game/Level/Area/V1_0_0/Ragasa/Map_DP_Ragasa_N0_0005_B1,80,6,CurveData;Effect;Geometry;Map;Object;Sound
Game/Level/Area/V1_0_0/Ragasa/Map_HP_Ragasa_N0_0002_A1,82,6,CurveData;Effect;Map;Object;Sound;System
Game/Level/Area/V1_0_0/QPSWilderness/Map_BB_QPSWilderness_N0_1002_C1,68,6,Character;Editor;Environment;Map;Object;UltimateRiverTool
Game/Level/Area/V1_0_0/Krosa/Map_DP_Krosa_N0_1001_B1,32,6,CurveData;Environment;Geometry;Map;Object;Sound
Game/Level/Area/V1_0_0/Krosa/Map_DP_Krosa_N0_1001_I1,18,6,CurveData;Effect;Geometry;Map;Object;Sound
Game/Level/Area/V1_0_0/OblSea/Map_DP_OblSea_N0_1001_C1,82,6,CurveData;Effect;Geometry;Map;Object;Sound
Game/Level/Area/V1_0_0/OblSea/Map_TP_OblSea_N0_2002_A1,317,6,CurveData;Effect;Geometry;Map;Object;Sound
Game/Level/Area/V1_0_0/Hagupit/Map_HP_Hagupit_N0_0004_A1,238,6,CurveData;Effect;Geometry;Map;Object;Sound
Game/Level/Area/V1_0_0/QPSDesert/Map_EV_QPSDesert_N0_1002_A1,86,6,Character;Editor;Effect;Environment;Sound;UltimateRiverTool
Game/Level/Area/V1_0_0/QPSDesert/Map_EV_QPSDesert_N0_1001_A1,95,6,Editor;Effect;Environment;Map;Sound;UltimateRiverTool
Game/Level/Area/V1_0_0/Plain/Map_DP_Plain_N0_2009_A1,148,6,CurveData;Effect;Geometry;Map;Object;Sound
Game/Level/Area/V1_0_0/Plain/Map_TP_Plain_N0_0001_F5,70,6,CurveData;Effect;Geometry;Map;Object;Sound
Game/Level/Area/V1_0_0/Plain/Map_DP_Plain_N0_0002_A1,162,6,CurveData;Effect;Geometry;Map;Object;Sound
Game/Level/Area/V1_0_0/Plain/Map_TP_Plain_N0_0001_F1,49,6,CurveData;Effect;Geometry;Map;Object;Sound
Game/Level/Area/V1_0_0/Plain/Map_TP_Plain_N0_0002_A1,96,6,CurveData;Effect;Geometry;Map;Object;Sound
Game/Level/Area/V1_0_0/Plain/Map_TP_Plain_N0_0001_D5,62,6,CurveData;Effect;Geometry;Map;Object;Sound
Game/Level/Area/V1_0_0/Plain/Map_TP_Plain_N0_0001_D1,52,6,CurveData;Effect;Geometry;Map;Object;Sound
Game/Level/Area/V1_0_0/Plain/Map_TP_Plain_N0_0001_D6,49,6,CurveData;Effect;Geometry;Map;Object;Sound
Game/Level/Area/V1_0_0/Plain/Map_TP_Plain_N0_0001_D3,67,6,CurveData;Effect;Geometry;Map;Object;Sound
Game/Level/Area/V1_0_0/Plain/Map_TP_Plain_N0_0001_C1,188,6,CurveData;Effect;Geometry;Map;Object;Sound
Game/Level/Area/V1_0_0/Plain/Map_DP_Plain_N0_0003_B1,109,6,CurveData;Effect;Geometry;Map;Object;Sound
Game/Level/Area/V1_0_0/Plain/Map_DP_Plain_N0_0003_A1,186,6,CurveData;Effect;Geometry;Map;Object;Sound
Game/Level/Area/V1_0_0/Plain/Map_TP_Plain_N0_0001_F4,74,6,CurveData;Effect;Geometry;Map;Object;Sound
Game/Level/Area/V1_0_0/Plain/Map_FP_Plain_N0_2001_A1,143,6,CurveData;Effect;Geometry;Map;Object;Sound
Game/Level/Area/V1_0_0/Plain/Map_DP_Plain_N0_0005_A1,76,6,Effect;Environment;Geometry;Map;Object;Sound
Game/Level/Area/V1_0_0/Plain/Map_TP_Plain_N0_0001_F3,48,6,CurveData;Effect;Geometry;Map;Object;Sound
Game/Level/Area/V1_0_0/QPSCity1/Map_EV_QPSCity1_N0_3002_A1,76,6,Editor;Effect;Environment;Geometry;Sound;UltimateRiverTool
Game/Level/Area/V1_0_0/QPSCity1/Map_TB_QPSCity1_N0_3001_A1,98,6,Character;Editor;Effect;Environment;Map;UltimateRiverTool
Game/Level/Area/V1_0_0/Other/Map_EV_Other_N0_2027_A1,144,6,CurveData;Effect;Geometry;Map;Object;Sound
Game/Level/Area/V1_0_0/Other/Map_EV_Other_N0_1001_A1,63,6,CurveData;Effect;Geometry;Map;Object;Sound
Game/Level/Area/V1_0_0/Other/Map_HP_Other_N0_5001_C1,142,6,CurveData;Effect;Geometry;Map;Object;Sound
Game/Level/Area/V1_0_0/Other/Map_EV_Other_N0_2037_A1,41,6,CurveData;Effect;Geometry;Map;Object;Sound
Game/Level/Area/V1_0_0/Other/Map_DP_Other_N0_5001_A1,115,6,CurveData;Effect;Geometry;Map;Object;Sound
Game/Level/Area/V1_0_0/Other/Map_HP_Other_N0_5001_B1,120,6,CurveData;Effect;Geometry;Map;Object;Sound
Game/Level/Area/V1_0_0/Other/Map_EV_Other_N0_2025_A1,143,6,CurveData;Effect;Geometry;Map;Object;Sound
Game/Level/Area/V1_0_0/Other/Map_DP_Other_N0_5001_B1,122,6,CurveData;Effect;Geometry;Map;Object;Sound
Game/Level/Area/V1_0_0/Other/Map_HP_Other_N0_5001_A1,111,6,CurveData;Effect;Geometry;Map;Object;Sound
Game/Level/Area/V1_0_0/Other/Map_EV_Other_N0_2023_A1,181,6,CurveData;Effect;Geometry;Map;Object;Sound
Game/Level/Area/V1_0_0/Other/Map_EV_Other_N0_2002_B1,45,6,CurveData;Effect;Geometry;Map;Object;Sound
Game/Level/Area/V1_0_0/Other/Map_DP_Other_N0_5001_C1,141,6,CurveData;Effect;Geometry;Map;Object;Sound
Game/Level/Area/V1_0_0/Other/Map_EV_Other_N0_2052_A1,215,6,Character;Effect;Environment;Geometry;Map;PostProcess
Game/Level/Area/V1_0_0/QPSSnow/Map_FB_QPSSnow_N0_1001_A1,59,6,Character;Editor;Effect;Environment;Sound;UltimateRiverTool
Game/Level/Area/V1_0_0/Cliff/Map_TP_Cliff_N0_1001_A1,335,6,CurveData;Effect;Geometry;Map;Object;Sound
Game/Level/Area/V1_0_0/Cliff/Map_DP_Cliff_N0_1003_B2,137,6,CurveData;Effect;Geometry;Map;Object;Sound
Game/Level/Area/V1_0_0/Cliff/Map_TP_Cliff_N0_1001_A2,356,6,CurveData;Effect;Geometry;Map;Object;Sound
Game/Level/Area/V1_0_0/Cliff/Map_DP_Cliff_N0_1003_A1,151,6,CurveData;Effect;Geometry;Map;Object;Sound
Game/Level/Area/V1_0_0/Cliff/Map_DP_Cliff_N0_1003_B1,135,6,CurveData;Effect;Geometry;Map;Object;Sound
Game/Level/Area/V1_0_0/Cliff/Map_TP_Cliff_N0_1001_B2,249,6,CurveData;Effect;Geometry;Map;Object;Sound
Game/Level/Area/V1_0_0/HellForest/Map_DP_HellForest_N0_1001_A1,98,6,CurveData;Effect;Geometry;Map;Object;Sound
Game/Level/Area/V1_0_0/HellCliff/Map_DP_HellCliff_N0_2001_B1,172,6,CurveData;Effect;Geometry;Map;Object;Sound
Game/Level/Area/V1_0_0/HellCliff/Map_DP_HellCliff_N0_2002_B3,169,6,CurveData;Effect;Geometry;Map;Object;Sound
Game/Level/Area/V1_0_0/HellCliff/Map_DP_HellCliff_N0_2002_B1,197,6,CurveData;Effect;Geometry;Map;Object;Sound
Game/Level/Area/V1_0_0/HellCliff/Map_TP_HellCliff_N0_2001_A1,363,6,CurveData;Effect;Geometry;Map;Object;Sound
Game/Level/Area/V1_0_0/HellCliff/Map_DP_HellCliff_N0_2002_A1,262,6,CurveData;Effect;Geometry;Map;Object;Sound
Game/Level/Area/V1_0_0/HellMount/Map_FP_HellMount_N0_2001_A1,154,6,CurveData;Effect;Geometry;Map;Object;Sound
Game/Level/Area/V1_0_0/HellMount/Map_DP_HellMount_N0_2002_A3,271,6,CurveData;Geometry;Map;Object;Sound;UI
Game/Level/Area/V1_0_0/HellMount/Map_TP_HellMount_N0_2001_B1,206,6,CurveData;Effect;Geometry;Map;Object;Sound
Game/Level/Area/V1_0_0/HellMount/Map_TP_HellMount_N0_2001_A1,319,6,CurveData;Effect;Geometry;Map;Object;Sound
Game/Level/Area/V1_0_0/HellMount/Map_DP_HellMount_N0_2002_B3,247,6,CurveData;Geometry;Map;Object;Sound;UI
Game/Level/Area/V1_0_0/HellMount/Map_DP_HellMount_N0_2002_B2,226,6,CurveData;Geometry;Map;Object;Sound;UI
Game/Level/Area/V1_0_0/Danas/Map_DP_Danas_N0_1003_A1,112,6,CurveData;Effect;Geometry;Map;Object;Sound
Game/Level/Area/V1_0_0/Danas/Map_DP_Danas_N0_1001_G1,85,6,CurveData;Environment;Geometry;Map;Object;Sound
Game/Level/Area/V1_0_0/Danas/Map_DP_Danas_N0_1003_B1,159,6,CurveData;Effect;Geometry;Map;Object;Sound
Game/Level/Area/V1_0_0/Danas/Map_DP_Danas_N0_1002_A1,61,6,CurveData;Effect;Geometry;Map;Object;Sound
Game/Level/Area/V1_0_0/Danas/Map_DP_Danas_N0_1001_C1,136,6,CurveData;Effect;Environment;Map;Object;Sound
Game/Level/Area/V1_0_0/Heaven/Map_DP_Heaven_N0_1002_C1,110,6,CurveData;Effect;Geometry;Map;Object;Sound
Game/Level/Area/V1_0_0/Heaven/Map_DP_Heaven_N0_1002_D5,141,6,CurveData;Effect;Geometry;Map;Object;Sound
Game/Level/Area/V1_0_0/Heaven/Map_DP_Heaven_N0_1002_B1,106,6,CurveData;Effect;Geometry;Map;Object;Sound
Game/Level/Area/V1_0_0/Heaven/Map_DP_Heaven_N0_1002_E1,152,6,CurveData;Effect;Geometry;Map;Object;Sound
Game/Level/Area/V1_0_0/Heaven/Map_DP_Heaven_N0_1002_D3,93,6,CurveData;Effect;Geometry;Map;Object;Sound
Game/Level/Area/V1_0_0/Heaven/Map_DP_Heaven_N0_1002_D4,118,6,CurveData;Effect;Geometry;Map;Object;Sound
Game/Level/Area/V1_0_0/Heaven/Map_DP_Heaven_N0_1002_D2,100,6,CurveData;Effect;Geometry;Map;Object;Sound
Game/Level/Area/V1_0_0/Heaven/Map_DP_Heaven_N0_1002_D1,104,6,CurveData;Effect;Geometry;Map;Object;Sound
Game/Level/Area/V1_0_0/Atsani/Map_DP_Atsani_N0_0001_A1,249,6,CurveData;Effect;Geometry;Map;Object;Sound
Game/Level/Area/V1_0_0/OblCliff/Map_TP_OblCliff_N0_1001_A1,336,6,CurveData;Effect;Geometry;Map;Object;Sound
Game/Level/Area/V1_0_0/OblCliff/Map_DP_OblCliff_N0_1003_B1,135,6,CurveData;Effect;Geometry;Map;Object;Sound
Game/Level/Area/V1_0_0/Jangmi/Map_HP_Jangmi_N0_0002_A1,117,6,CurveData;Effect;Geometry;Map;Object;Sound
Game/Level/Area/V1_0_0/Jangmi/Map_HP_Jangmi_N0_0001_A1,105,6,CurveData;Effect;Geometry;Map;Object;Sound
Game/Level/Area/V1_0_0/Jangmi/Map_HP_Jangmi_N0_0005_A1,122,6,CurveData;Effect;Geometry;Map;Object;Sound
Game/Level/Area/V1_0_0/Jangmi/Map_HP_Jangmi_N0_0006_A1,123,6,CurveData;Effect;Geometry;Map;Object;Sound
Game/Level/Area/V1_0_0/Jangmi/Map_HP_Jangmi_N0_0003_A1,139,6,CurveData;Effect;Geometry;Map;Object;Sound
Game/Local/DataBase/Texture/TextureID,4449,6,Character;Effect;ExtTex;Level;Object;UI
Game/Level/Area/V1_0_0/Nakri/Map_TP_Nakri_N0_1001_A1,123,5,CurveData;Environment;Geometry;Object;Sound
Game/Level/Area/V1_0_0/Nakri/Map_EV_Nakri_N0_1002_A1,13,5,Effect;Environment;Geometry;Map;Object
Game/Level/Area/V1_0_0/Bolaven/Map_OP_Bolaven_N0_1006_A1,183,5,CurveData;Effect;Geometry;Map;Object
Game/Level/Area/V1_0_0/Bolaven/Map_OP_Bolaven_N0_1006_B1,194,5,CurveData;Effect;Geometry;Map;Object
Game/Level/Area/V1_0_0/Hell/Map_DP_Hell_N0_2001_E1,174,5,CurveData;Geometry;Map;Object;Sound
Game/Level/Area/V1_0_0/Hell/Map_TP_Hell_N0_1001_C1,76,5,CurveData;Effect;Map;Object;Sound
Game/Level/Area/V1_0_0/Hell/Map_TP_Hell_N0_1001_A1,77,5,CurveData;Geometry;Map;Object;Sound
Game/Level/Area/V1_0_0/Hell/Map_TP_Hell_N0_1001_B1,70,5,CurveData;Geometry;Map;Object;Sound
Game/Level/Area/V1_0_0/Hell/Map_DP_Hell_N0_2001_C1,184,5,CurveData;Geometry;Map;Object;Sound
Game/Level/Area/V1_0_0/OblForest/Map_TP_OblForest_N0_1001_A1,247,5,CurveData;Geometry;Map;Object;Sound
Game/Level/Area/V1_0_0/OblForest/Map_TP_OblForest_N0_1001_B1,245,5,CurveData;Geometry;Map;Object;Sound
Game/Level/Area/V1_0_0/Snow/Map_DP_Snow_N0_2009_A1,104,5,CurveData;Effect;Map;Object;Sound
Game/Level/Area/V1_0_0/Snow/Map_FP_Snow_N0_1002_A1,98,5,CurveData;Effect;Map;Object;Sound
Game/Level/Area/V1_0_0/Snow/Map_DP_Snow_N0_1001_B1,249,5,CurveData;Geometry;Map;Object;Sound
Game/Level/Area/V1_0_0/Snow/Map_HP_Snow_N0_1009_A1,94,5,CurveData;Effect;Map;Object;Sound
Game/Level/Area/V1_0_0/Snow/Map_DP_Snow_N0_1009_A1,94,5,CurveData;Effect;Map;Object;Sound
Game/Level/Area/V1_0_0/Snow/Map_TP_Snow_N0_1002_A1,52,5,CurveData;Geometry;Map;Object;Sound
Game/Level/Area/V1_0_0/Snow/Map_DP_Snow_N0_2001_A1,182,5,CurveData;Geometry;Map;Object;Sound
Game/Level/Area/V1_0_0/Snow/Map_DP_Snow_N0_2002_B1,92,5,CurveData;Effect;Map;Object;Sound
Game/Level/Area/V1_0_0/Snow/Map_DP_Snow_N0_2001_B1,251,5,CurveData;Geometry;Map;Object;Sound
Game/Level/Area/V1_0_0/Snow/Map_DP_Snow_N0_2003_A1,66,5,CurveData;Effect;Map;Object;Sound
Game/Level/Area/V1_0_0/Snow/Map_HP_Snow_N0_2009_A1,104,5,CurveData;Effect;Map;Object;Sound
Game/Level/Area/V1_0_0/Snow/Map_DP_Snow_N0_2002_A1,90,5,CurveData;Effect;Map;Object;Sound
Game/Level/Area/V1_0_0/Snow/Map_DP_Snow_N0_2003_B4,49,5,CurveData;Effect;Map;Object;Sound
Game/Level/Area/V1_0_0/River/Map_DP_River_N0_2009_A1,88,5,CurveData;Effect;Map;Object;Sound
Game/Level/Area/V1_0_0/River/Map_DP_River_N0_1009_A1,100,5,CurveData;Effect;Map;Object;Sound
Game/Level/Area/V1_0_0/River/Map_DP_River_N0_1001_A1,80,5,CurveData;Geometry;Map;Object;Sound
Game/Level/Area/V1_0_0/River/Map_DP_River_N0_1002_B1,265,5,CurveData;Effect;Geometry;Map;Object
Game/Level/Area/V1_0_0/River/Map_HP_River_N0_1009_A1,100,5,CurveData;Effect;Map;Object;Sound
Game/Level/Area/V1_0_0/River/Map_DP_River_N0_2001_A1,89,5,CurveData;Effect;Map;Object;Sound
Game/Level/Area/V1_0_0/River/Map_TP_River_N0_1001_A1,253,5,CurveData;Geometry;Map;Object;Sound
Game/Level/Area/V1_0_0/River/Map_DP_River_N0_2001_B1,96,5,CurveData;Geometry;Map;Object;Sound
Game/Level/Area/V1_0_0/QPSCity/Map_DP_QPSCity_N0_2001_C2,24,5,CurveData;Effect;Environment;Map;Object
Game/Level/Area/V1_0_0/QPSCity/Map_DP_QPSCity_N0_2001_B3,92,5,Effect;Environment;Geometry;Map;Sound
Game/Level/Area/V1_0_0/QPSCity/Map_EV_QPSCity_N0_0001_A1,123,5,Character;Editor;Environment;Map;UltimateRiverTool
Game/Level/Area/V1_0_0/QPSCity/Map_DB_QPSCity_N0_2001_A1,90,5,Editor;Effect;Environment;Map;UltimateRiverTool
Game/Level/Area/V1_0_0/THE/Map_HP_THE_N0_1001_C1,19,5,CurveData;Effect;Map;Object;UI
Game/Level/Area/V1_0_0/THE/Map_HP_THE_N0_1001_D1,20,5,CurveData;Effect;Map;Object;UI
Game/Level/Area/V1_0_0/QPSSea/Map_TB_QPSSea_N0_1001_A1,132,5,Character;Effect;Environment;Map;Object
Game/Level/Area/V1_0_0/QPSSea/Map_FB_QPSSea_N0_1001_A1,49,5,Character;Editor;Effect;Environment;UltimateRiverTool
Game/Level/Area/V1_0_0/QPSSea/Map_DB_QPSSea_N0_1001_A1,71,5,Character;Editor;Environment;Map;UltimateRiverTool
Game/Level/Area/V1_0_0/QPSSea/Map_DP_QPSSea_N0_1001_A2,265,5,CurveData;Environment;Geometry;Map;Object
Game/Level/Area/V1_0_0/Other1/Map_EV_Other1_N0_0001_A1,70,5,CurveData;Effect;Map;Object;Sound
Game/Level/Area/V1_0_0/Other1/Map_EV_Other1_N0_0002_A1,77,5,CurveData;Effect;Map;Object;Sound
Game/Level/Area/V1_0_0/Mount/Map_DP_Mount_N0_1001_A1,94,5,CurveData;Geometry;Map;Object;Sound
Game/Level/Area/V1_0_0/Mount/Map_DP_Mount_N0_2001_C1,136,5,CurveData;Effect;Map;Object;Sound
Game/Level/Area/V1_0_0/Mount/Map_TP_Mount_N0_1002_A1,311,5,CurveData;Geometry;Map;Object;Sound
Game/Level/Area/V1_0_0/Mount/Map_DP_Mount_N0_1001_C1,93,5,CurveData;Geometry;Map;Object;Sound
Game/Level/Area/V1_0_0/Mount/Map_DP_Mount_N0_2001_B1,117,5,CurveData;Effect;Map;Object;Sound
Game/Level/Area/V1_0_0/Mount/Map_DP_Mount_N0_2009_A1,101,5,CurveData;Effect;Map;Object;Sound
Game/Level/Area/V1_0_0/Mount/Map_DP_Mount_N0_2001_A1,92,5,CurveData;Effect;Map;Object;Sound
Game/Level/Area/V1_0_0/Mount/Map_FP_Mount_N0_1002_A1,114,5,CurveData;Effect;Map;Object;Sound
Game/Level/Area/V1_0_0/Mount/Map_DP_Mount_N0_1001_B1,76,5,CurveData;Geometry;Map;Object;Sound
Game/Level/Area/V1_0_0/Mount/Map_FP_Mount_N0_2001_A1,129,5,CurveData;Geometry;Map;Object;Sound
Game/Level/Area/V1_0_0/Mount/Map_FP_Mount_N0_1001_A1,115,5,CurveData;Geometry;Map;Object;Sound
Game/Level/Area/V1_0_0/QPSMount/Map_FB_QPSMount_N0_1002_A1,58,5,Editor;Effect;Environment;Sound;UltimateRiverTool
Game/Level/Area/V1_0_0/QPSMount/Map_TP_QPSMount_N0_2001_A1,120,5,CurveData;Environment;Geometry;Object;Sound
Game/Level/Area/V1_0_0/QPSMount/Map_DP_QPSMount_N0_1001_A1,151,5,CurveData;Effect;Environment;Object;Sound
Game/Level/Area/V1_0_0/QPSMount/Map_DP_QPSMount_N0_1001_C1,122,5,CurveData;Effect;Environment;Object;Sound
Game/Level/Area/V1_0_0/QPSMount/Map_DP_QPSMount_N0_1001_B2,199,5,CurveData;Effect;Environment;Geometry;Sound
Game/Level/Area/V1_0_0/Sea/Map_DP_Sea_N0_2002_B3,125,5,CurveData;Effect;Map;Object;Sound
Game/Level/Area/V1_0_0/Sea/Map_FP_Sea_N0_1001_A1,90,5,CurveData;Effect;Map;Object;Sound
Game/Level/Area/V1_0_0/Sea/Map_HP_Sea_N0_1009_A1,88,5,CurveData;Effect;Map;Object;Sound
Game/Level/Area/V1_0_0/Sea/Map_DP_Sea_N0_1009_A1,84,5,CurveData;Effect;Map;Object;Sound
Game/Level/Area/V1_0_0/Sea/Map_DP_Sea_N0_1001_D1,83,5,CurveData;Effect;Map;Object;Sound
Game/Level/Area/V1_0_0/Sea/Map_DP_Sea_N0_1001_A1,118,5,CurveData;Effect;Map;Object;Sound
Game/Level/Area/V1_0_0/Sea/Map_DP_Sea_N0_2009_A1,115,5,CurveData;Effect;Map;Object;Sound
Game/Level/Area/V1_0_0/Sea/Map_DP_Sea_N0_1001_B1,123,5,CurveData;Effect;Map;Object;Sound
Game/Level/Area/V1_0_0/QPSOther/Map_FB_QPSOther_N0_0001_A1,44,5,Editor;Effect;Environment;Object;UltimateRiverTool
Game/Level/Area/V1_0_0/Desert/Map_DP_Desert_N0_2001_A1,314,5,CurveData;Geometry;Map;Object;Sound
Game/Level/Area/V1_0_0/Desert/Map_FP_Desert_N0_1002_A1,105,5,CurveData;Effect;Map;Object;Sound
Game/Level/Area/V1_0_0/Desert/Map_FP_Desert_N0_2001_A1,131,5,CurveData;Effect;Map;Object;Sound
Game/Level/Area/V1_0_0/Desert/Map_FP_Desert_N0_2002_A1,126,5,CurveData;Effect;Map;Object;Sound
Game/Level/Area/V1_0_0/Forest/Map_TP_Forest_N0_2003_B1,240,5,CurveData;Geometry;Map;Object;Sound
Game/Level/Area/V1_0_0/Forest/Map_TP_Forest_N0_1001_A1,247,5,CurveData;Geometry;Map;Object;Sound
Game/Level/Area/V1_0_0/Forest/Map_TP_Forest_N0_2003_D1,91,5,CurveData;Geometry;Map;Object;Sound
Game/Level/Area/V1_0_0/Forest/Map_TP_Forest_N0_2001_D1,66,5,CurveData;Geometry;Map;Object;Sound
Game/Level/Area/V1_0_0/Forest/Map_TP_Forest_N0_2003_C1,45,5,CurveData;Geometry;Map;Object;Sound
Game/Level/Area/V1_0_0/Forest/Map_TP_Forest_N0_1001_B1,245,5,CurveData;Geometry;Map;Object;Sound
Game/Level/Area/V1_0_0/Forest/Map_DP_Forest_N0_2001_A1,275,5,CurveData;Effect;Geometry;Map;Object
Game/Level/Area/V1_0_0/Forest/Map_DP_Forest_N0_1001_B1,104,5,CurveData;Geometry;Map;Object;Sound
Game/Level/Area/V1_0_0/Forest/Map_FP_Forest_N0_1002_A1,115,5,CurveData;Geometry;Map;Object;Sound
Game/Level/Area/V1_0_0/Forest/Map_DP_Forest_N0_1009_A1,97,5,CurveData;Geometry;Map;Object;Sound
Game/Level/Area/V1_0_0/Forest/Map_DP_Forest_N0_1002_A1,203,5,CurveData;Effect;Geometry;Map;Object
Game/Level/Area/V1_0_0/Forest/Map_HP_Forest_N0_1009_A1,97,5,CurveData;Geometry;Map;Object;Sound
Game/Level/Area/V1_0_0/Forest/Map_TP_Forest_N0_2003_A1,246,5,CurveData;Geometry;Map;Object;Sound
Game/Level/Area/V1_0_0/Ragasa/Map_DP_Ragasa_N0_0004_A1,87,5,CurveData;Effect;Map;Object;Sound
Game/Level/Area/V1_0_0/Ragasa/Map_HP_Ragasa_N0_0003_A1,93,5,CurveData;Geometry;Map;Object;Sound
Game/Level/Area/V1_0_0/Ragasa/Map_DP_Ragasa_N0_0001_A1,49,5,CurveData;Effect;Map;Object;Sound
Game/Level/Area/V1_0_0/Ragasa/Map_DP_Ragasa_N0_0005_A1,113,5,CurveData;Geometry;Map;Object;Sound
Game/Level/Area/V1_0_0/Ragasa/Map_HP_Ragasa_N0_0001_A1,113,5,CurveData;Geometry;Map;Object;Sound
Game/Level/Area/V1_0_0/Ragasa/Map_HP_Ragasa_N0_0004_A1,87,5,CurveData;Effect;Map;Object;Sound
Game/Level/Area/V1_0_0/Ragasa/Map_DP_Ragasa_N0_0002_A1,93,5,CurveData;Geometry;Map;Object;Sound
Game/Level/Area/V1_0_0/QPSWilderness/Map_FB_QPSWilderness_N0_1001_A1,52,5,Character;Editor;Environment;Sound;UltimateRiverTool
Game/Level/Area/V1_0_0/QPSWilderness/Map_DB_QPSWilderness_N0_1001_A1,85,5,Character;Editor;Environment;Sound;UltimateRiverTool
Game/Level/Area/V1_0_0/Krosa/Map_DP_Krosa_N0_1001_E1,58,5,CurveData;Effect;Geometry;Map;Object
Game/Level/Area/V1_0_0/Krosa/Map_EV_Krosa_N0_1001_B1,16,5,Effect;Environment;Map;Object;Sound
Game/Level/Area/V1_0_0/Krosa/Map_DP_Krosa_N0_1001_H1,47,5,CurveData;Environment;Geometry;Map;Object
Game/Level/Area/V1_0_0/Krosa/Map_DP_Krosa_N0_1001_A1,134,5,CurveData;Effect;Map;Object;Sound
Game/Level/Area/V1_0_0/Krosa/Map_DP_Krosa_N0_1001_D1,62,5,CurveData;Environment;Geometry;Map;Object
Game/Level/Area/V1_0_0/Krosa/Map_DP_Krosa_N0_1001_F1,44,5,CurveData;Geometry;Map;Object;Sound
Game/Level/Area/V1_0_0/Krosa/Map_BB_Krosa_N0_1001_I1,34,5,Effect;Geometry;Map;Object;UI
Game/Level/Area/V1_0_0/OblSea/Map_DP_OblSea_N0_1001_B1,123,5,CurveData;Effect;Map;Object;Sound
Game/Level/Area/V1_0_0/OblSea/Map_DP_OblSea_N0_1001_D1,83,5,CurveData;Effect;Map;Object;Sound
Game/Level/Area/V1_0_0/OblSea/Map_DP_OblSea_N0_1001_A1,118,5,CurveData;Effect;Map;Object;Sound
Game/Level/Area/V1_0_0/Hagupit/Map_HP_Hagupit_N0_0003_A1,218,5,CurveData;Geometry;Map;Object;Sound
Game/Level/Area/V1_0_0/QPSDesert/Map_FB_QPSDesert_N0_1001_A1,47,5,Character;Editor;Effect;Environment;UltimateRiverTool
Game/Level/Area/V1_0_0/QPSDesert/Map_BB_QPSDesert_N0_1001_A2,54,5,Character;Editor;Effect;Environment;UltimateRiverTool
Game/Level/Area/V1_0_0/QPSDesert/Map_DB_QPSDesert_N0_1001_A1,55,5,Character;Editor;Effect;Environment;UltimateRiverTool
Game/Level/Area/V1_0_0/QPSDesert/Map_TB_QPSDesert_N0_1001_A1,80,5,Character;Editor;Effect;Environment;UltimateRiverTool
Game/Level/Area/V1_0_0/Sea1/Map_EV_Sea1_N0_2001_A1,71,5,Effect;Geometry;Map;Object;Sound
Game/Level/Area/V1_0_0/Plain/Map_TP_Plain_N0_0001_F8,47,5,CurveData;Geometry;Map;Object;Sound
Game/Level/Area/V1_0_0/Plain/Map_DP_Plain_N0_1003_A1,113,5,CurveData;Effect;Map;Object;Sound
Game/Level/Area/V1_0_0/Plain/Map_TP_Plain_N0_0001_F7,54,5,CurveData;Geometry;Map;Object;Sound
Game/Level/Area/V1_0_0/Plain/Map_TP_Plain_N0_0001_F2,50,5,CurveData;Geometry;Map;Object;Sound
Game/Level/Area/V1_0_0/Plain/Map_TP_Plain_N0_0001_C2,64,5,CurveData;Effect;Geometry;Map;Object
Game/Level/Area/V1_0_0/Plain/Map_TP_Plain_N0_2001_B1,183,5,CurveData;Geometry;Map;Object;Sound
Game/Level/Area/V1_0_0/Plain/Map_TP_Plain_N0_2001_C1,130,5,CurveData;Geometry;Map;Object;Sound
Game/Level/Area/V1_0_0/Plain/Map_TP_Plain_N0_0001_H1,53,5,CurveData;Geometry;Map;Object;Sound
Game/Level/Area/V1_0_0/Plain/Map_TP_Plain_N0_0001_G1,52,5,CurveData;Geometry;Map;Object;Sound
Game/Level/Area/V1_0_0/Plain/Map_DB_Plain_N0_0004_C1,98,5,Effect;Environment;Geometry;Map;Object
Game/Level/Area/V1_0_0/Plain/Map_TP_Plain_N0_0001_F6,56,5,CurveData;Geometry;Map;Object;Sound
Game/Level/Area/V1_0_0/Plain/Map_BB_Plain_N0_0005_A1,79,5,Effect;Environment;Geometry;Map;Object
Game/Level/Area/V1_0_0/Plain/Map_TP_Plain_N0_0001_D8,53,5,CurveData;Geometry;Map;Object;Sound
Game/Level/Area/V1_0_0/Plain/Map_TP_Plain_N0_0001_D7,58,5,CurveData;Geometry;Map;Object;Sound
Game/Level/Area/V1_0_0/Plain/Map_TP_Plain_N0_2001_A1,303,5,CurveData;Geometry;Map;Object;Sound
Game/Level/Area/V1_0_0/Plain/Map_TP_Plain_N0_2002_A1,317,5,CurveData;Geometry;Map;Object;Sound
Game/Level/Area/V1_0_0/Plain/Map_FP_Plain_N0_1001_A1,105,5,CurveData;Effect;Map;Object;Sound
Game/Level/Area/V1_0_0/Plain/Map_DB_Plain_N0_0004_A1,87,5,Effect;Environment;Geometry;Map;Object
Game/Level/Area/V1_0_0/Plain/Map_TP_Plain_N0_0001_D2,58,5,CurveData;Geometry;Map;Object;Sound
Game/Level/Area/V1_0_0/Plain/Map_TP_Plain_N0_0001_A1,296,5,CurveData;Geometry;Map;Object;Sound
Game/Level/Area/V1_0_0/Plain/Map_TP_Plain_N0_0001_D4,50,5,CurveData;Geometry;Map;Object;Sound
Game/Level/Area/V1_0_0/Plain/Map_FP_Plain_N0_1002_A1,86,5,CurveData;Effect;Map;Object;Sound
Game/Level/Area/V1_0_0/Plain/Map_TP_Plain_N0_1001_A1,309,5,CurveData;Geometry;Map;Object;Sound
Game/Level/Area/V1_0_0/Other/Map_EV_Other_N0_2011_A1,85,5,CurveData;Effect;Geometry;Map;Object
Game/Level/Area/V1_0_0/Other/Map_EV_Other_N0_1005_A1,56,5,Effect;Geometry;Map;Object;Sound
Game/Level/Area/V1_0_0/Other/Map_EV_Other_N0_2021_A1,70,5,Effect;Geometry;Map;Object;Sound
Game/Level/Area/V1_0_0/Other/Map_EV_Other_N0_2014_A1,70,5,Effect;Geometry;Map;Object;Sound
Game/Level/Area/V1_0_0/Other/Map_EV_Other_N0_1007_A1,45,5,Effect;Geometry;Map;Object;Sound
Game/Level/Area/V1_0_0/Other/Map_EV_Other_N0_1003_A1,58,5,CurveData;Effect;Geometry;Map;Object
Game/Level/Area/V1_0_0/Other/Map_EV_Other_N0_2022_A1,60,5,Effect;Geometry;Map;Object;Sound
Game/Level/Area/V1_0_0/Other/Map_EV_Other_N0_1004_A1,89,5,Effect;Geometry;Map;Object;Sound
Game/Level/Area/V1_0_0/Other/Map_EV_Other_N0_2054_A1,102,5,Effect;Geometry;Map;Object;Sound
Game/Level/Area/V1_0_0/Other/Map_EV_Other_N0_2032_A1,33,5,Effect;Geometry;Map;Object;Sound
Game/Level/Area/V1_0_0/Other/Map_EV_Other_N0_2060_A1,263,5,CurveData;Effect;Geometry;Map;Object
Game/Level/Area/V1_0_0/Other/Map_EV_Other_N0_1008_A1,45,5,CurveData;Geometry;Map;Object;Sound
Game/Level/Area/V1_0_0/Other/Map_EV_Other_N0_2003_A1,27,5,Effect;Geometry;Map;Object;Sound
Game/Level/Area/V1_0_0/Other/Map_EV_Other_N0_2002_A1,41,5,CurveData;Effect;Geometry;Map;Object
Game/Level/Area/V1_0_0/QPSSnow/Map_TB_QPSSnow_N0_1001_A1,78,5,Character;Editor;Effect;Environment;UltimateRiverTool
Game/Level/Area/V1_0_0/QPSSnow/Map_DP_QPSSnow_N0_1001_A1,78,5,CurveData;Environment;Geometry;Map;Sound
Game/Level/Area/V1_0_0/QPSSnow/Map_BB_QPSSnow_N0_1001_A2,53,5,Editor;Effect;Environment;Map;UltimateRiverTool
Game/Level/Area/V1_0_0/Cliff/Map_EV_Cliff_N0_1003_B1,83,5,Effect;Geometry;Map;Object;Sound
Game/Level/Area/V1_0_0/Cliff/Map_TP_Cliff_N0_1001_B1,236,5,CurveData;Geometry;Map;Object;Sound
Game/Level/Area/V1_0_0/Cliff/Map_TP_Cliff_N0_2002_F1,126,5,CurveData;Geometry;Map;Object;Sound
Game/Level/Area/V1_0_0/Cliff/Map_DP_Cliff_N0_1002_A1,121,5,CurveData;Geometry;Map;Object;Sound
Game/Level/Area/V1_0_0/Cliff/Map_DP_Cliff_N0_1002_B1,143,5,CurveData;Geometry;Map;Object;Sound
Game/Level/Area/V1_0_0/Cliff/Map_TP_Cliff_N0_2001_C1,167,5,CurveData;Effect;Geometry;Map;Object
Game/Level/Area/V1_0_0/Cliff/Map_FP_Cliff_N0_1002_A1,99,5,CurveData;Effect;Map;Object;Sound
Game/Level/Area/V1_0_0/Cliff/Map_DP_Cliff_N0_1001_B1,82,5,CurveData;Geometry;Map;Object;Sound
Game/Level/Area/V1_0_0/Cliff/Map_TP_Cliff_N0_2002_E1,90,5,CurveData;Effect;Map;Object;Sound
Game/Level/Area/V1_0_0/Cliff/Map_TP_Cliff_N0_2001_A1,309,5,CurveData;Geometry;Map;Object;Sound
Game/Level/Area/V1_0_0/Cliff/Map_DP_Cliff_N0_1003_F1,124,5,CurveData;Geometry;Map;Object;Sound
Game/Level/Area/V1_0_0/Cliff/Map_FP_Cliff_N0_1001_A1,123,5,CurveData;Map;Object;Sound;System
Game/Level/Area/V1_0_0/Cliff/Map_TP_Cliff_N0_2002_E2,100,5,CurveData;Effect;Map;Object;Sound
Game/Level/Area/V1_0_0/Cliff/Map_TP_Cliff_N0_2002_F2,126,5,CurveData;Geometry;Map;Object;Sound
Game/Level/Area/V1_0_0/HellForest/Map_TP_HellForest_N0_1001_B1,271,5,CurveData;Geometry;Map;Object;Sound
Game/Level/Area/V1_0_0/HellForest/Map_DP_HellForest_N0_1001_C1,56,5,CurveData;Geometry;Map;Object;Sound
Game/Level/Area/V1_0_0/HellForest/Map_TP_HellForest_N0_1001_A1,262,5,CurveData;Geometry;Map;Object;Sound
Game/Level/Area/V1_0_0/HellForest/Map_DP_HellForest_N0_1001_B1,106,5,CurveData;Geometry;Map;Object;Sound
Game/Level/Area/V1_0_0/HellCliff/Map_FP_HellCliff_N0_2001_A1,136,5,CurveData;Map;Object;Sound;System
Game/Level/Area/V1_0_0/HellCliff/Map_DP_HellCliff_N0_2001_A1,151,5,CurveData;Effect;Map;Object;Sound
Game/Level/Area/V1_0_0/HellCliff/Map_EV_HellCliff_N0_2001_A1,218,5,Effect;Geometry;Map;Object;Sound
Game/Level/Area/V1_0_0/HellCliff/Map_TP_HellCliff_N0_2001_B1,261,5,CurveData;Geometry;Map;Object;Sound
Game/Level/Area/V1_0_0/HellCliff/Map_EV_HellCliff_N0_2002_A1,81,5,Effect;Geometry;Map;Object;Sound
Game/Level/Area/V1_0_0/HellCliff/Map_DP_HellCliff_N0_2002_C1,225,5,CurveData;Geometry;Map;Object;Sound
Game/Level/Area/V1_0_0/HellCliff/Map_DP_HellCliff_N0_2002_A2,232,5,CurveData;Effect;Geometry;Map;Object
Game/Level/Area/V1_0_0/HellCliff/Map_FP_HellCliff_N0_2002_A1,112,5,CurveData;Effect;Map;Object;Sound
Game/Level/Area/V1_0_0/HellCliff/Map_DP_HellCliff_N0_2002_A3,81,5,CurveData;Effect;Geometry;Map;Object
Game/Level/Area/V1_0_0/HellCliff/Map_DP_HellCliff_N0_2002_C3,178,5,CurveData;Effect;Geometry;Map;Object
Game/Level/Area/V1_0_0/HellCliff/Map_DP_HellCliff_N0_2002_B4,164,5,CurveData;Geometry;Map;Object;Sound
Game/Level/Area/V1_0_0/QPSForest/Map_TB_QPSForest_N0_1001_A1,98,5,Character;Editor;Environment;Map;UltimateRiverTool
Game/Level/Area/V1_0_0/HellMount/Map_DP_HellMount_N0_2002_B1,125,5,CurveData;Geometry;Map;Object;Sound
Game/Level/Area/V1_0_0/HellMount/Map_DP_HellMount_N0_2002_A2,245,5,CurveData;Map;Object;Sound;UI
Game/Level/Area/V1_0_0/Heaven/Map_DP_Heaven_N0_1002_A1,64,5,CurveData;Effect;Map;Object;Sound
Game/Level/Area/V1_0_0/Heaven/Map_DP_Heaven_N0_1001_A1,50,5,CurveData;Geometry;Map;Object;Sound
Game/Level/Area/V1_0_0/Heaven/Map_TP_Heaven_N0_2001_A1,27,5,CurveData;Effect;Geometry;Map;Object
Game/Level/Area/V1_0_0/Atsani/Map_EV_Atsani_N0_0001_A1,156,5,CurveData;Effect;Geometry;Map;Object
Game/Level/Area/V1_0_0/Atsani/Map_EV_Atsani_N0_0004_A1,55,5,Effect;Geometry;Map;Object;Sound
Game/Level/Area/V1_0_0/Atsani/Map_EV_Atsani_N0_0006_A1,90,5,CurveData;Geometry;Map;Object;Sound
Game/Level/Area/V1_0_0/OblCliff/Map_TP_OblCliff_N0_1001_B1,236,5,CurveData;Geometry;Map;Object;Sound
Game/System/BP/GameManagerCreator,94,5,Battle;Character;Debug;Event;UI
Game/Level/Area/V1_0_0/Tower/Map_EV_Tower_N0_0001_A1,59,4,CurveData;Map;Object;Sound
Game/Level/Area/V1_0_0/Tower/Map_EV_Tower_N0_0002_B1,34,4,Geometry;Map;Object;Sound
Game/Level/Area/V1_0_0/Tower/Map_EV_Tower_N0_0002_B2,31,4,Geometry;Map;Object;Sound
Game/Level/Area/V1_0_0/Tower/Map_EV_Tower_N0_0001_B1,63,4,Geometry;Map;Object;Sound
Game/Level/Area/V1_0_0/Nakri/Map_HP_Nakri_N0_1001_A2,38,4,CurveData;Map;Object;Sound
Game/Level/Area/V1_0_0/Nakri/Map_HP_Nakri_N0_1001_A1,38,4,CurveData;Map;Object;Sound
Game/Level/Area/V1_0_0/Bolaven/Map_OP_Bolaven_N0_1004_A1,96,4,CurveData;Geometry;Map;Object
Game/Level/Area/V1_0_0/Bolaven/Map_OP_Bolaven_N0_1005_A1,168,4,CurveData;Geometry;Map;Object
Game/Level/Area/V1_0_0/Bolaven/Map_OP_Bolaven_N0_1001_A1,78,4,CurveData;Effect;Map;Object
Game/Level/Area/V1_0_0/Bolaven/Map_OP_Bolaven_N0_1001_C1,78,4,CurveData;Effect;Map;Object
Game/Level/Area/V1_0_0/Hell/Map_EV_Hell_N0_2001_F1,70,4,CurveData;Map;Object;Sound
Game/Level/Area/V1_0_0/Hell/Map_DP_Hell_N0_2001_F1,87,4,CurveData;Map;Object;Sound
Game/Level/Area/V1_0_0/Hell/Map_DB_Hell_N0_0002_A1,63,4,Effect;Geometry;Map;Object
Game/Level/Area/V1_0_0/Hell/Map_DP_Hell_N0_2001_H1,93,4,CurveData;Map;Object;Sound
Game/Level/Area/V1_0_0/Hell/Map_DP_Hell_N0_2001_D1,140,4,CurveData;Geometry;Map;Object
Game/Level/Area/V1_0_0/Hell/Map_BB_Hell_N0_1001_C1,33,4,Effect;Geometry;Map;Object
Game/Level/Area/V1_0_0/Hell/Map_BB_Hell_N0_2001_A1,69,4,Effect;Geometry;Map;Object
Game/Level/Area/V1_0_0/Snow/Map_DP_Snow_N0_1002_B1,196,4,CurveData;Geometry;Map;Object
Game/Level/Area/V1_0_0/Snow/Map_DB_Snow_N0_2003_A1,58,4,Effect;Geometry;Map;Object
Game/Level/Area/V1_0_0/Snow/Map_TP_Snow_N0_2001_C1,97,4,CurveData;Geometry;Map;Object
Game/Level/Area/V1_0_0/Snow/Map_TP_Snow_N0_2003_D1,214,4,CurveData;Geometry;Map;Object
Game/Level/Area/V1_0_0/Snow/Map_FB_Snow_N0_1001_A1,33,4,Effect;Geometry;Map;Object
Game/Level/Area/V1_0_0/Snow/Map_BB_Snow_N0_2003_B1,39,4,Effect;Geometry;Map;Object
Game/Level/Area/V1_0_0/Snow/Map_TP_Snow_N0_2002_B1,206,4,CurveData;Geometry;Map;Object
Game/Level/Area/V1_0_0/River/Map_FP_River_N0_1001_A1,113,4,CurveData;Map;Object;Sound
Game/Level/Area/V1_0_0/River/Map_EV_River_N0_1001_A1,116,4,Effect;Map;Object;Sound
Game/Level/Area/V1_0_0/River/Map_DP_River_N0_1001_B1,110,4,CurveData;Map;Object;Sound
Game/Level/Area/V1_0_0/AutoDun/Map_DP_AutoDun_N0_1001_A1,7,4,Effect;Map;Object;Sound
Game/Level/Area/V1_0_0/QPSCity/Map_EV_QPSCity_N0_0001_B1,70,4,CurveData;Environment;Geometry;Object
Game/Level/Area/V1_0_0/QPSCity/Map_TP_QPSCity_N0_2001_B1,103,4,CurveData;Effect;Environment;Object
Game/Level/Area/V1_0_0/QPSCity/Map_FB_QPSCity_N0_1001_A1,59,4,Character;Editor;Environment;UltimateRiverTool
Game/Level/Area/V1_0_0/QPSCity/Map_TP_QPSCity_N0_1001_D1,87,4,CurveData;Environment;Map;PostProcess
Game/Level/Area/V1_0_0/QPSCity/Map_BB_QPSCity_N0_2001_C1,25,4,Effect;Environment;Map;Object
Game/Level/Area/V1_0_0/QPSCity/Map_EV_QPSCity_N0_2001_C2,19,4,Effect;Environment;Map;Object
Game/Level/Area/V1_0_0/QPSCity/Map_TB_QPSCity_N0_1001_B1,121,4,Editor;Environment;Map;UltimateRiverTool
Game/Level/Area/V1_0_0/QPSCity/Map_DB_QPSCity_N0_2001_D1,51,4,Effect;Environment;Map;Object
Game/Level/Area/V1_0_0/THE/Map_HP_THE_N0_1001_A1,18,4,CurveData;Effect;Map;Object
Game/Level/Area/V1_0_0/THE/Map_HP_THE_N0_1001_B1,18,4,CurveData;Effect;Map;Object
Game/Level/Area/V1_0_0/QPSSea/Map_DB_QPSSea_N0_1002_A1,43,4,Editor;Environment;Sound;UltimateRiverTool
Game/Level/Area/V1_0_0/Mount/Map_HP_Mount_N0_1009_A1,132,4,CurveData;Map;Object;Sound
Game/Level/Area/V1_0_0/Mount/Map_DP_Mount_N0_1009_A1,132,4,CurveData;Map;Object;Sound
Game/Level/Area/V1_0_0/QPSMount/Map_DP_QPSMount_N0_1001_A2,138,4,CurveData;Environment;Geometry;Sound
Game/Level/Area/V1_0_0/QPSMount/Map_EV_QPSMount_N0_1001_A1,50,4,Editor;Effect;Environment;UltimateRiverTool
Game/Level/Area/V1_0_0/Sea/Map_FB_Sea_N0_1001_A1,48,4,Effect;Geometry;Map;Object
Game/Level/Area/V1_0_0/QPSOther/Map_EV_QPSOther_N0_1002_A1,53,4,CurveData;Geometry;Map;Object
Game/Level/Area/V1_0_0/QPSOther/Map_EV_QPSOther_N0_1002_A2,78,4,Environment;Map;Object;Sound
Game/Level/Area/V1_0_0/Desert/Map_DP_Desert_N0_2001_B1,272,4,CurveData;Geometry;Map;Object
Game/Level/Area/V1_0_0/Desert/Map_FB_Desert_N0_1001_A1,45,4,Effect;Geometry;Map;Object
Game/Level/Area/V1_0_0/Desert/Map_FB_Desert_N0_2001_A1,47,4,Effect;Geometry;Map;Object
Game/Level/Area/V1_0_0/Forest/Map_TP_Forest_N0_2003_E1,200,4,CurveData;Geometry;Map;Object
Game/Level/Area/V1_0_0/Forest/Map_DP_Forest_N0_2002_B1,161,4,CurveData;Geometry;Map;Object
Game/Level/Area/V1_0_0/Forest/Map_DP_Forest_N0_1003_B1,236,4,CurveData;Geometry;Map;Object
Game/Level/Area/V1_0_0/Ragasa/Map_DP_Ragasa_N0_0003_A1,112,4,CurveData;Map;Object;Sound
Game/Level/Area/V1_0_0/Ragasa/Map_DP_Ragasa_N0_0006_B1,115,4,CurveData;Map;Object;Sound
Game/Level/Area/V1_0_0/Ragasa/Map_HP_Ragasa_N0_0005_A1,112,4,CurveData;Map;Object;Sound
Game/Level/Area/V1_0_0/QPSWilderness/Map_DB_QPSWilderness_N0_1002_A2,49,4,Editor;Environment;Object;UltimateRiverTool
Game/Level/Area/V1_0_0/QPSWilderness/Map_DB_QPSWilderness_N0_1002_A1,71,4,Editor;Environment;Map;UltimateRiverTool
Game/Level/Area/V1_0_0/Krosa/Map_DP_Krosa_N0_1001_G1,55,4,CurveData;Geometry;Map;Object
Game/Level/Area/V1_0_0/Krosa/Map_EV_Krosa_N0_1001_C1,27,4,Environment;Geometry;Map;Object
Game/Level/Area/V1_0_0/Krosa/Map_EV_Krosa_N0_1001_A1,10,4,CurveData;Geometry;Map;Object
Game/Level/Area/V1_0_0/Krosa/Map_BB_Krosa_N0_1001_H1,48,4,Environment;Geometry;Map;Object
Game/Level/Area/V1_0_0/Krosa/Map_BB_Krosa_N0_1001_E1,48,4,Effect;Geometry;Map;Object
Game/Level/Area/V1_0_0/Krosa/Map_BB_Krosa_N0_1001_D1,57,4,Environment;Geometry;Map;Object
Game/Level/Area/V1_0_0/Krosa/Map_BB_Krosa_N0_1001_B1,25,4,Environment;Geometry;Map;Object
Game/Level/Area/V1_0_0/QPSIsland/Map_EV_QPSIsland_N0_0001_A1,106,4,Effect;Environment;Map;Sound
Game/Level/Area/V1_0_0/QPSIsland/Map_FB_QPSIsland_N0_1001_A1,45,4,Editor;Environment;Map;UltimateRiverTool
Game/Level/Area/V1_0_0/QPSIsland/Map_TB_QPSIsland_N0_1001_A1,90,4,Editor;Environment;Map;UltimateRiverTool
Game/Level/Area/V1_0_0/Hagupit/Map_BB_Hagupit_N0_0001_A2,70,4,Effect;Geometry;Map;Object
Game/Level/Area/V1_0_0/Hagupit/Map_HP_Hagupit_N0_0002_A1,157,4,CurveData;Geometry;Map;Object
Game/Level/Area/V1_0_0/Hagupit/Map_HP_Hagupit_N0_0001_A1,137,4,CurveData;Geometry;Map;Object
Game/Level/Area/V1_0_0/Hagupit/Map_HB_Hagupit_N0_0001_A2,92,4,Effect;Geometry;Map;Object
Game/Level/Area/V1_0_0/QPSGacha/Map_EV_QPSGacha_N0_0001_A1,28,4,CurveData;Environment;Geometry;Object
Game/Level/Area/V1_0_0/Plain/Map_TP_Plain_N0_2002_B1,86,4,CurveData;Geometry;Map;Object
Game/Level/Area/V1_0_0/Plain/Map_TP_Plain_N0_0001_E1,71,4,CurveData;Map;Object;Sound
Game/Level/Area/V1_0_0/Plain/Map_TP_Plain_N0_1001_B1,62,4,CurveData;Geometry;Map;Object
Game/Level/Area/V1_0_0/Plain/Map_TP_Plain_N0_0003_A1,67,4,CurveData;Effect;Map;Object
Game/Level/Area/V1_0_0/Plain/Map_DP_Plain_N0_1009_A1,112,4,CurveData;Map;Object;Sound
Game/Level/Area/V1_0_0/Plain/Map_BB_Plain_N0_0003_B1,79,4,Effect;Geometry;Map;Object
Game/Level/Area/V1_0_0/Plain/Map_DP_Plain_N0_1001_B1,184,4,CurveData;Geometry;Map;Object
Game/Level/Area/V1_0_0/Plain/Map_HP_Plain_N0_0001_H3,38,4,CurveData;Map;Object;Sound
Game/Level/Area/V1_0_0/Plain/Map_HP_Plain_N0_0001_H1,38,4,CurveData;Map;Object;Sound
Game/Level/Area/V1_0_0/Plain/Map_TP_Plain_N0_2001_D1,110,4,CurveData;Geometry;Map;Object
Game/Level/Area/V1_0_0/Plain/Map_TB_Plain_N0_0002_A1,57,4,Effect;Geometry;Map;Object
Game/Level/Area/V1_0_0/Plain/Map_FP_Plain_N0_0001_A1,93,4,CurveData;Map;Object;Sound
Game/Level/Area/V1_0_0/Plain/Map_HP_Plain_N0_0001_H4,38,4,CurveData;Map;Object;Sound
Game/Level/Area/V1_0_0/Plain/Map_DP_Plain_N0_1002_B1,158,4,CurveData;Geometry;Map;Object
Game/Level/Area/V1_0_0/Plain/Map_EV_Plain_N0_0001_A1,166,4,CurveData;Geometry;Map;Object
Game/Level/Area/V1_0_0/Plain/Map_BB_Plain_N0_0004_A1,61,4,Effect;Geometry;Map;Object
Game/Level/Area/V1_0_0/Plain/Map_DP_Plain_N0_1001_A1,148,4,CurveData;Geometry;Map;Object
Game/Level/Area/V1_0_0/Plain/Map_HP_Plain_N0_0001_H2,38,4,CurveData;Map;Object;Sound
Game/Level/Area/V1_0_0/Plain/Map_TP_Plain_N0_0001_B1,287,4,CurveData;Geometry;Map;Object
Game/Level/Area/V1_0_0/Plain/Map_HP_Plain_N0_1009_A1,112,4,CurveData;Map;Object;Sound
Game/Level/Area/V1_0_0/Plain/Map_DB_Plain_N0_0002_A1,90,4,Effect;Geometry;Map;Object
Game/Level/Area/V1_0_0/Plain/Map_TP_Plain_N0_1001_C1,86,4,CurveData;Geometry;Map;Object
Game/Level/Area/V1_0_0/Plain/Map_FP_Plain_N0_2001_B1,121,4,CurveData;Map;Object;Sound
Game/Level/Area/V1_0_0/Plain/Map_DP_Plain_N0_1002_A1,198,4,CurveData;Geometry;Map;Object
Game/Level/Area/V1_0_0/Summon/Map_SB_Summon_N0_0002_A1,16,4,Character;Effect;Map;Object
Game/Level/Area/V1_0_0/Summon/Map_SB_Summon_N0_0005_A1,16,4,Character;Effect;Map;Object
Game/Level/Area/V1_0_0/Summon/Map_SB_Summon_N0_0006_A1,19,4,Character;Effect;Map;Object
Game/Level/Area/V1_0_0/Summon/Map_SB_Summon_N0_0004_A1,16,4,Character;Effect;Map;Object
Game/Level/Area/V1_0_0/Summon/Map_SB_Summon_N0_0001_A1,16,4,Character;Effect;Map;Object
Game/Level/Area/V1_0_0/Summon/Map_SB_Summon_N0_0003_A1,15,4,Character;Effect;Map;Object
Game/Level/Area/V1_0_0/Summon/Map_SB_Summon_N0_0007_A1,21,4,Character;Effect;Map;Object
Game/Level/Area/V1_0_0/Other/Map_EV_Other_N0_2061_A1,42,4,Effect;Map;Object;Sound
Game/Level/Area/V1_0_0/Other/Map_BB_Other_N0_1005_A1,53,4,Effect;Geometry;Map;Object
Game/Level/Area/V1_0_0/Other/Map_EV_Other_N0_2031_A1,43,4,CurveData;Geometry;Map;Object
Game/Level/Area/V1_0_0/Other/Map_EV_Other_N0_0020_A1,18,4,CurveData;Geometry;Map;Object
Game/Level/Area/V1_0_0/Other/Map_EV_Other_N0_2036_A1,64,4,Geometry;Map;Object;Sound
Game/Level/Area/V1_0_0/Other/Map_EV_Other_N0_2041_A1,20,4,CurveData;Geometry;Map;Object
Game/Level/Area/V1_0_0/Other/Map_EV_Gacha_N0_0002_B1,46,4,Effect;Geometry;Map;Object
Game/Level/Area/V1_0_0/Other/Map_EV_Other_N0_1012_A1,53,4,CurveData;Geometry;Map;Object
Game/Level/Area/V1_0_0/Other/Map_EV_Other_N0_2013_A1,101,4,Effect;Geometry;Map;Object
Game/Level/Area/V1_0_0/Other/Map_EV_Other_N0_2024_A1,51,4,CurveData;Geometry;Map;Object
Game/Level/Area/V1_0_0/Other/Map_EV_Other_N0_0100_A1,17,4,CurveData;Geometry;Map;Object
Game/Level/Area/V1_0_0/Other/Map_EV_Other_N0_2009_A1,67,4,Effect;Geometry;Map;Object
Game/Level/Area/V1_0_0/Other/Map_EV_Other_N0_2040_A1,34,4,CurveData;Geometry;Map;Object
Game/Level/Area/V1_0_0/Other/Map_EV_Other_N0_0071_A1,14,4,CurveData;Geometry;Map;Object
Game/Level/Area/V1_0_0/Other/Map_EV_Other_N0_0011_B1,19,4,CurveData;Geometry;Map;Object
Game/Level/Area/V1_0_0/Other/Map_DB_Other_N0_5001_A1,62,4,Effect;Geometry;Map;Object
Game/Level/Area/V1_0_0/Other/Map_EV_Other_N0_0040_B1,16,4,CurveData;Geometry;Map;Object
Game/Level/Area/V1_0_0/Other/Map_DB_Other_C0_0002_B1,46,4,Effect;Geometry;Map;Object
Game/Level/Area/V1_0_0/Other/Map_EV_Other_N0_2001_C1,46,4,Effect;Geometry;Map;Object
Game/Level/Area/V1_0_0/Other/Map_EV_Other_N0_0041_B1,17,4,CurveData;Geometry;Map;Object
Game/Level/Area/V1_0_0/Other/Map_EV_Other_N0_0030_B1,21,4,CurveData;Geometry;Map;Object
Game/Level/Area/V1_0_0/Other/Map_EV_Other_N0_0031_A1,18,4,CurveData;Geometry;Map;Object
Game/Level/Area/V1_0_0/Other/Map_EV_Other_N0_0061_B1,22,4,CurveData;Geometry;Map;Object
Game/Level/Area/V1_0_0/Other/Map_EV_Other_N0_0010_B1,18,4,CurveData;Geometry;Map;Object
Game/Level/Area/V1_0_0/Other/Map_DB_Other_C3_0003_A1,48,4,Effect;Geometry;Map;Object
Game/Level/Area/V1_0_0/Other/Map_EV_Other_N0_0040_A1,15,4,CurveData;Geometry;Map;Object
Game/Level/Area/V1_0_0/Other/Map_EV_Other_N0_0020_B1,19,4,CurveData;Geometry;Map;Object
Game/Level/Area/V1_0_0/Other/Map_EV_Other_N0_2053_A1,55,4,Effect;Geometry;Map;Object
Game/Level/Area/V1_0_0/Other/Map_DB_Other_R0_0004_A1,46,4,Effect;Geometry;Map;Object
Game/Level/Area/V1_0_0/Other/Map_EV_Other_N0_2019_A1,46,4,CurveData;Geometry;Map;Object
Game/Level/Area/V1_0_0/Other/Map_EV_Other_N0_0003_A1,33,4,CurveData;Geometry;Map;Object
Game/Level/Area/V1_0_0/Other/Map_EV_Other_N0_0001_A1,23,4,CurveData;Geometry;Map;Object
Game/Level/Area/V1_0_0/Other/Map_EV_Other_N0_0010_A1,17,4,CurveData;Geometry;Map;Object
Game/Level/Area/V1_0_0/Other/Map_EV_Other_N0_0004_A1,31,4,CurveData;Geometry;Map;Object
Game/Level/Area/V1_0_0/Other/Map_EV_Other_N0_0080_A1,15,4,CurveData;Geometry;Map;Object
Game/Level/Area/V1_0_0/Other/Map_EV_Other_N0_2048_A1,45,4,Geometry;Map;Object;Sound
Game/Level/Area/V1_0_0/Other/Map_EV_Other_N0_2005_B1,39,4,Map;Object;Sound;System
Game/Level/Area/V1_0_0/Other/Map_DB_Other_C1_0002_A1,45,4,Effect;Geometry;Map;Object
Game/Level/Area/V1_0_0/Other/Map_EV_Other_N0_2023_A2,137,4,CurveData;Geometry;Map;Object
Game/Level/Area/V1_0_0/Other/Map_DB_Other_C1_0001_A1,62,4,Effect;Geometry;Map;Object
Game/Level/Area/V1_0_0/Other/Map_EV_Other_N0_0070_B1,17,4,CurveData;Geometry;Map;Object
Game/Level/Area/V1_0_0/Other/Map_EV_Other_N0_2004_A1,14,4,CurveData;Geometry;Map;Object
Game/Level/Area/V1_0_0/Other/Map_EV_Gacha_N0_0002_A1,50,4,Effect;Geometry;Map;Object
Game/Level/Area/V1_0_0/Other/Map_EV_Other_N0_0081_A1,14,4,CurveData;Geometry;Map;Object
Game/Level/Area/V1_0_0/Other/Map_EV_Other_N0_0061_A1,18,4,CurveData;Geometry;Map;Object
Game/Level/Area/V1_0_0/Other/Map_DB_Other_C3_0002_A1,43,4,Effect;Geometry;Map;Object
Game/Level/Area/V1_0_0/Other/Map_DB_Other_C0_0002_A1,52,4,Effect;Geometry;Map;Object
Game/Level/Area/V1_0_0/Other/Map_EV_Other_N0_0050_B1,15,4,CurveData;Geometry;Map;Object
Game/Level/Area/V1_0_0/Other/Map_EV_Other_N0_2030_A1,31,4,Effect;Map;Object;Sound
Game/Level/Area/V1_0_0/Other/Map_EV_Other_N0_2028_A1,45,4,CurveData;Geometry;Map;Object
Game/Level/Area/V1_0_0/Other/Map_EV_Other_N0_0051_A1,14,4,CurveData;Geometry;Map;Object
Game/Level/Area/V1_0_0/Other/Map_EV_Other_N0_2020_A1,31,4,Effect;Map;Object;Sound
Game/Level/Area/V1_0_0/Other/Map_EV_Other_N0_0060_A1,19,4,CurveData;Geometry;Map;Object
Game/Level/Area/V1_0_0/Other/Map_EV_Other_N0_0021_B1,19,4,CurveData;Geometry;Map;Object
Game/Level/Area/V1_0_0/Other/Map_EV_Other_N0_0060_B1,21,4,CurveData;Geometry;Map;Object
Game/Level/Area/V1_0_0/Other/Map_EV_Other_N0_2035_A1,27,4,Effect;Map;Object;Sound
Game/Level/Area/V1_0_0/Other/Map_EV_Other_N0_2016_A1,45,4,Effect;Map;Object;Sound
Game/Level/Area/V1_0_0/Other/Map_EV_Other_N0_2006_A1,59,4,CurveData;Geometry;Map;Object
Game/Level/Area/V1_0_0/Other/Map_EV_Other_N0_0110_A1,16,4,CurveData;Geometry;Map;Object
Game/Level/Area/V1_0_0/Other/Map_EV_Other_N0_0021_A1,16,4,CurveData;Geometry;Map;Object
Game/Level/Area/V1_0_0/Other/Map_EV_Other_N0_0041_A1,14,4,CurveData;Geometry;Map;Object
Game/Level/Area/V1_0_0/Other/Map_EV_Other_N0_0030_A1,19,4,CurveData;Geometry;Map;Object
Game/Level/Area/V1_0_0/Other/Map_EV_Other_N0_0051_B1,17,4,CurveData;Geometry;Map;Object
Game/Level/Area/V1_0_0/Other/Map_EV_Other_N0_2049_A1,51,4,Geometry;Map;Object;Sound
Game/Level/Area/V1_0_0/Other/Map_EV_Other_N0_0011_A1,16,4,CurveData;Geometry;Map;Object
Game/Level/Area/V1_0_0/Other/Map_EV_Other_N0_2008_A1,26,4,Effect;Geometry;Map;Object
Game/Level/Area/V1_0_0/Other/Map_EV_Other_N0_0081_B1,17,4,CurveData;Geometry;Map;Object
Game/Level/Area/V1_0_0/Other/Map_EV_Other_N0_0070_A1,16,4,CurveData;Geometry;Map;Object
Game/Level/Area/V1_0_0/Other/Map_EV_Other_N0_0050_A1,14,4,CurveData;Geometry;Map;Object
Game/Level/Area/V1_0_0/Other/Map_EV_Other_N0_0080_B1,14,4,CurveData;Geometry;Map;Object
Game/Level/Area/V1_0_0/Other/Map_EV_Other_N0_1002_A1,43,4,CurveData;Geometry;Map;Object
Game/Level/Area/V1_0_0/Other/Map_EV_Other_N0_0120_A1,11,4,CurveData;Geometry;Map;Object
Game/Level/Area/V1_0_0/Other/Map_EV_Other_N0_0005_A1,27,4,CurveData;Geometry;Map;Object
Game/Level/Area/V1_0_0/Other/Map_EV_Other_N0_2029_A1,40,4,Effect;Map;Object;Sound
Game/Level/Area/V1_0_0/Other/Map_EV_Other_N0_0002_A1,21,4,CurveData;Geometry;Map;Object
Game/Level/Area/V1_0_0/Other/Map_EV_Other_N0_2026_A1,74,4,CurveData;Map;Object;Sound
Game/Level/Area/V1_0_0/Other/Map_EV_Other_N0_0031_B1,22,4,CurveData;Geometry;Map;Object
Game/Level/Area/V1_0_0/Other/Map_EV_Other_N0_0071_B1,17,4,CurveData;Geometry;Map;Object
Game/Level/Area/V1_0_0/Other/Map_EV_Other_N0_2039_A1,157,4,CurveData;Geometry;Map;Object
Game/Level/Area/V1_0_0/Other/Map_EV_Other_N0_2005_A1,44,4,Map;Object;Sound;System
Game/Level/Area/V1_0_0/Other/Map_EV_Other_N0_2030_B1,28,4,Effect;Map;Object;Sound
Game/Level/Area/V1_0_0/Cliff/Map_DP_Cliff_N0_1001_A1,82,4,CurveData;Map;Object;Sound
Game/Level/Area/V1_0_0/Cliff/Map_DP_Cliff_N0_2009_A1,88,4,CurveData;Map;Object;Sound
Game/Level/Area/V1_0_0/Cliff/Map_DP_Cliff_N0_1003_D1,202,4,CurveData;Geometry;Map;Object
Game/Level/Area/V1_0_0/Cliff/Map_DP_Cliff_N0_1003_E1,80,4,CurveData;Map;Object;Sound
Game/Level/Area/V1_0_0/Cliff/Map_DP_Cliff_N0_1003_C1,295,4,CurveData;Geometry;Map;Object
Game/Level/Area/V1_0_0/Cliff/Map_HP_Cliff_N0_1009_A1,108,4,CurveData;Map;Object;Sound
Game/Level/Area/V1_0_0/Cliff/Map_TP_Cliff_N0_2002_G1,172,4,CurveData;Geometry;Map;Object
Game/Level/Area/V1_0_0/Cliff/Map_DP_Cliff_N0_1009_A1,108,4,CurveData;Map;Object;Sound
Game/Level/Area/V1_0_0/Cliff/Map_FP_Cliff_N0_2001_A1,217,4,CurveData;Map;Object;Sound
Game/Level/Area/V1_0_0/Cliff/Map_TP_Cliff_N0_2001_B1,79,4,CurveData;Map;Object;Sound
Game/Level/Area/V1_0_0/Cliff/Map_DP_Cliff_N0_1003_G1,172,4,CurveData;Geometry;Map;Object
Game/Level/Area/V1_0_0/Cliff/Map_TP_Cliff_N0_1001_C1,58,4,CurveData;Geometry;Map;Object
Game/Level/Area/V1_0_0/Cliff/Map_EV_Cliff_N0_1003_C1,49,4,Geometry;Map;Object;Sound
Game/Level/Area/V1_0_0/HellForest/Map_EV_HellForest_N0_1001_A1,175,4,Geometry;Map;Object;Sound
Game/Level/Area/V1_0_0/HellCliff/Map_DP_HellCliff_N0_2002_C2,141,4,CurveData;Geometry;Map;Object
Game/Level/Area/V1_0_0/HellCliff/Map_DP_HellCliff_N0_2002_B2,89,4,CurveData;Map;Object;Sound
Game/Level/Area/V1_0_0/HellCliff/Map_DB_HellCliff_N0_2001_A1,66,4,Effect;Geometry;Map;Object
Game/Level/Area/V1_0_0/QPSForest/Map_BB_QPSForest_N0_1001_A1,69,4,Editor;Effect;Environment;UltimateRiverTool
Game/Level/Area/V1_0_0/QPSForest/Map_DB_QPSForest_N0_1001_A1,65,4,Editor;Effect;Environment;UltimateRiverTool
Game/Level/Area/V1_0_0/QPSForest/Map_FB_QPSForest_N0_1001_A1,61,4,Character;Editor;Environment;UltimateRiverTool
Game/Level/Area/V1_0_0/HellMount/Map_DP_HellMount_N0_2002_A1,132,4,CurveData;Map;Object;Sound
Game/Level/Area/V1_0_0/Danas/Map_HP_Danas_N0_1001_A1,38,4,CurveData;Map;Object;Sound
Game/Level/Area/V1_0_0/Danas/Map_EV_Danas_N0_1002_B1,69,4,Effect;Geometry;Map;Object
Game/Level/Area/V1_0_0/Danas/Map_HP_Danas_N0_1001_A2,38,4,CurveData;Map;Object;Sound
Game/Level/Area/V1_0_0/Danas/Map_DP_Danas_N0_1004_A1,99,4,CurveData;Environment;Map;PostProcess
Game/Level/Area/V1_0_0/Danas/Map_EV_Danas_N0_1001_A2,26,4,Effect;Geometry;Map;Object
Game/Level/Area/V1_0_0/Heaven/Map_DB_Heaven_N0_1001_B2,68,4,Effect;Geometry;Map;Object
Game/Level/Area/V1_0_0/Heaven/Map_DB_Heaven_N0_1001_C1,62,4,Effect;Geometry;Map;Object
Game/Level/Area/V1_0_0/Dice/Map_OP_Dice_N0_1002_A1,72,4,CurveData;Geometry;Map;Object
Game/Level/Area/V1_0_0/Dice/Map_OP_Dice_N0_1001_F1,267,4,Effect;Geometry;Map;Object
Game/Level/Area/V1_0_0/Atsani/Map_DP_Atsani_N0_0001_B1,196,4,CurveData;Geometry;Map;Object
Game/Level/Area/V1_0_0/Atsani/Map_EV_Atsani_N0_0005_A1,31,4,CurveData;Geometry;Map;Object
Game/Level/Area/V1_0_0/Jangmi/Map_HB_Jangmi_N0_0005_A1,66,4,Effect;Geometry;Map;Object
Game/Local/DataBase/Effect/EffectList,2701,4,Effect;Level;Map;UI
Game/Object/Resource/BP/BP_Obj/BPI_Obj_SmallShrine_B,15,4,CurveData;Effect;Environment;Map
Game/Object/Resource/BP/BP_Obj/BPI_Obj_SmallShrine_B3,15,4,CurveData;Effect;Environment;Map
Game/Object/Resource/BP/BP_Obj/BPI_Obj_SmallShrine_B4,15,4,CurveData;Effect;Environment;Map
Game/Object/Resource/BP/BP_Obj/BPI_Obj_SmallShrine_B1,15,4,CurveData;Effect;Environment;Map
Game/Object/Resource/BP/BP_Obj/BPI_Obj_SmallShrine_B2,15,4,CurveData;Effect;Environment;Map
Game/Object/Resource/BP/BP_Obj/BP_QPS/BPI_Obj_BlockadeShip_A,17,4,Effect;Environment;Geometry;Map
Game/Object/Resource/BP/BP_Obj/BP_QPS/BPI_Obj_BlockadeShip_B,17,4,Effect;Environment;Geometry;Map
Game/Event/BP/EventManagerBP,129,4,Character;Effect;Library;UI
Game/Level/Persistent,11,3,Sound;System;Test
Game/Level/Area/V1_0_0/Tower/Map_DB_Tower_R1_0001_B1,20,3,Geometry;Map;Object
Game/Level/Area/V1_0_0/Tower/Map_EV_Tower_N0_0002_A1,35,3,CurveData;Map;Object
Game/Level/Area/V1_0_0/Nakri/Map_TB_Nakri_N0_1001_A2,65,3,Effect;Environment;Sound
Game/Level/Area/V1_0_0/Bolaven/Map_OP_Bolaven_N0_1003_A1,152,3,CurveData;Map;Object
Game/Level/Area/V1_0_0/Bolaven/Map_OP_Bolaven_N0_1001_B1,88,3,CurveData;Map;Object
Game/Level/Area/V1_0_0/Bolaven/Map_OP_Bolaven_N0_1002_A1,117,3,CurveData;Map;Object
Game/Level/Area/V1_0_0/Hell/Map_DB_Hell_N0_0001_A1,47,3,Geometry;Map;Object
Game/Level/Area/V1_0_0/Hell/Map_BB_Hell_N0_2001_F1,63,3,Geometry;Map;Object
Game/Level/Area/V1_0_0/Hell/Map_BB_Hell_N0_1001_A1,53,3,Geometry;Map;Object
Game/Level/Area/V1_0_0/Hell/Map_BB_Hell_N0_2001_E1,54,3,Geometry;Map;Object
Game/Level/Area/V1_0_0/Hell/Map_BB_Hell_N0_2001_D1,75,3,Geometry;Map;Object
Game/Level/Area/V1_0_0/Hell/Map_BB_Hell_N0_1001_B1,49,3,Geometry;Map;Object
Game/Level/Area/V1_0_0/Other4/Map_EV_Other4_N0_0001_A1,11,3,Geometry;Map;Object
Game/Level/Area/V1_0_0/River/Map_FB_River_N0_2001_A1,39,3,Geometry;Map;Object
Game/Level/Area/V1_0_0/River/Map_EV_River_N0_2001_CN1,81,3,Effect;Map;Object
Game/Level/Area/V1_0_0/River/Map_FB_River_N0_1001_A1,36,3,Geometry;Map;Object
Game/Level/Area/V1_0_0/AutoDun/Map_DB_AutoDun_N0_1001_A1,114,3,Geometry;Map;Object
Game/Level/Area/V1_0_0/QPSCity/Map_DB_QPSCity_N0_2001_B1,70,3,Effect;Environment;Map
Game/Level/Area/V1_0_0/QPSCity/Map_BB_QPSCity_N0_2001_C3,31,3,Effect;Environment;Map
Game/Level/Area/V1_0_0/QPSCity/Map_DB_QPSCity_N0_1001_A1,67,3,Effect;Environment;Geometry
Game/Level/Area/V1_0_0/QPSCity/Map_TP_QPSCity_N0_1001_C1,99,3,CurveData;Environment;Geometry
Game/Level/Area/V1_0_0/QPSCity/Map_TB_QPSCity_N0_1001_A1,127,3,Character;Environment;Map
Game/Level/Area/V1_0_0/QPSCity/Map_DB_QPSCity_N0_2001_C1,46,3,Effect;Environment;Map
Game/Level/Area/V1_0_0/THE/Map_EV_THE_N0_1001_A1,13,3,Geometry;Map;Object
Game/Level/Area/V1_0_0/QPSSea/Map_DP_QPSSea_N0_1001_B1,252,3,CurveData;Environment;Object
Game/Level/Area/V1_0_0/QPSSea/Map_DP_QPSSea_N0_1001_B2,35,3,Environment;Map;Sound
Game/Level/Area/V1_0_0/Mount/Map_FB_Mount_N0_2002_A1,55,3,Geometry;Map;Object
Game/Level/Area/V1_0_0/Mount/Map_FB_Mount_N0_1001_A1,52,3,Geometry;Map;Object
Game/Level/Area/V1_0_0/QPSMount/Map_BB_QPSMount_N0_1001_C1,91,3,Effect;Environment;Object
Game/Level/Area/V1_0_0/QPSMount/Map_FB_QPSMount_N0_1001_A1,45,3,Editor;Environment;UltimateRiverTool
Game/Level/Area/V1_0_0/QPSMount/Map_DB_QPSMount_N0_1001_A2,97,3,Effect;Environment;Map
Game/Level/Area/V1_0_0/Sea/Map_TP_Sea_N0_2001_C1,50,3,CurveData;Map;Object
Game/Level/Area/V1_0_0/Sea/Map_TB_Sea_N0_2001_A1,41,3,Geometry;Map;Object
Game/Level/Area/V1_0_0/Sea/Map_EV_Sea_N0_2001_C1,50,3,CurveData;Map;Object
Game/Level/Area/V1_0_0/Sea/Map_DB_Sea_N0_2001_A1,28,3,Effect;Map;Object
Game/Level/Area/V1_0_0/Sea/Map_DB_Sea_N0_2001_B1,54,3,Geometry;Map;Object
Game/Level/Area/V1_0_0/Sea/Map_BB_Sea_N0_1001_D1,58,3,Effect;Map;Object
Game/Level/Area/V1_0_0/QPSOther/Map_EV_QPSOther_N0_0010_A1,19,3,CurveData;Environment;Object
Game/Level/Area/V1_0_0/Forest/Map_FB_Forest_N0_1001_A1,27,3,Geometry;Map;Object
Game/Level/Area/V1_0_0/Forest/Map_DP_Forest_N0_2002_A1,70,3,Geometry;Map;Object
Game/Level/Area/V1_0_0/Forest/Map_FB_Forest_N0_1001_B1,25,3,Geometry;Map;Object
Game/Level/Area/V1_0_0/Ragasa/Map_DB_Ragasa_N0_0004_A1,37,3,Geometry;Map;Object
Game/Level/Area/V1_0_0/Ragasa/Map_DB_Ragasa_N0_0005_B1,36,3,Geometry;Map;Object
Game/Level/Area/V1_0_0/Ragasa/Map_EV_Ragasa_N0_0001_A1,66,3,Geometry;Map;Object
Game/Level/Area/V1_0_0/Ragasa/Map_DB_Ragasa_N0_0006_A1,44,3,Geometry;Map;Object
Game/Level/Area/V1_0_0/Ragasa/Map_DB_Ragasa_N0_0002_A1,33,3,Geometry;Map;Object
Game/Level/Area/V1_0_0/Krosa/Map_BB_Krosa_N0_1001_F1,44,3,Geometry;Map;Object
Game/Level/Area/V1_0_0/Krosa/Map_BB_Krosa_N0_1001_G1,59,3,Geometry;Map;Object
Game/Level/Area/V1_0_0/Krosa/Map_BB_Krosa_N0_1001_C1,21,3,Geometry;Map;Object
Game/Level/Area/V1_0_0/Hagupit/Map_EV_Hagupit_N0_0002_A1,48,3,Effect;Map;Object
Game/Level/Area/V1_0_0/Hagupit/Map_EV_Hagupit_N0_0001_A1,95,3,Geometry;Map;Object
Game/Level/Area/V1_0_0/Hagupit/Map_BB_Hagupit_N0_0001_A1,68,3,Geometry;Map;Object
Game/Level/Area/V1_0_0/Hagupit/Map_HB_Hagupit_N0_0001_A1,86,3,Geometry;Map;Object
Game/Level/Area/V1_0_0/Plain/Map_EV_Plain_N0_1001_B1,38,3,Geometry;Map;Object
Game/Level/Area/V1_0_0/Plain/Map_EV_Plain_N0_1001_A1,38,3,Map;Object;Sound
Game/Level/Area/V1_0_0/Other/Map_EV_Other_N0_2050_A1,16,3,CurveData;Map;Object
Game/Level/Area/V1_0_0/Other/Map_EV_Other_N0_2010_A1,53,3,Effect;Map;Object
Game/Level/Area/V1_0_0/Other/Map_BB_Other_N0_1003_A1,44,3,Geometry;Map;Object
Game/Level/Area/V1_0_0/Other/Map_DB_Other_C0_0001_A1,33,3,Geometry;Map;Object
Game/Level/Area/V1_0_0/Other/Map_BB_Other_N0_1001_A1,54,3,Geometry;Map;Object
Game/Level/Area/V1_0_0/Other/Map_BB_Other_N0_2002_B1,33,3,Effect;Map;Object
Game/Level/Area/V1_0_0/Other/Map_DB_Other_R0_0005_A1,58,3,Geometry;Map;Object
Game/Level/Area/V1_0_0/Other/Map_BB_Other_N0_2003_B1,55,3,Effect;Map;Object
Game/Level/Area/V1_0_0/Other/Map_BB_Other_N0_1004_A1,49,3,Geometry;Map;Object
Game/Level/Area/V1_0_0/Other/Map_DB_Other_R0_0002_B1,68,3,Geometry;Map;Object
Game/Level/Area/V1_0_0/Other/Map_EV_Other_N0_2001_A1,42,3,Effect;Map;Object
Game/Level/Area/V1_0_0/Other/Map_DB_Other_H1_0002_B1,57,3,Geometry;Map;Object
Game/Level/Area/V1_0_0/Other/Map_EV_Other_N0_1009_A1,86,3,Map;Object;Sound
Game/Level/Area/V1_0_0/Other/Map_EV_Other_N0_2055_A1,58,3,Map;Object;Sound
Game/Level/Area/V1_0_0/Other/Map_DB_Other_H1_0005_A1,56,3,Geometry;Map;Object
Game/Level/Area/V1_0_0/Other/Map_EV_Other_N0_2057_A1,16,3,Geometry;Map;Object
Game/Level/Area/V1_0_0/Other/Map_DB_Other_R0_0003_A1,81,3,Geometry;Map;Object
Game/Level/Area/V1_0_0/Other/Map_BB_Other_N0_2001_A1,51,3,Effect;Map;Object
Game/Level/Area/V1_0_0/Other/Map_BB_Other_N0_1002_A1,49,3,Effect;Map;Object
Game/Level/Area/V1_0_0/Other/Map_BB_Other_N0_2005_A1,55,3,Geometry;Map;Object
Game/Level/Area/V1_0_0/Other/Map_DB_Other_H1_0003_A1,56,3,Geometry;Map;Object
Game/Level/Area/V1_0_0/Other/Map_DB_Other_C2_0001_A1,37,3,Geometry;Map;Object
Game/Level/Area/V1_0_0/Other/Map_EV_Other_N0_1006_A1,35,3,Map;Object;Sound
Game/Level/Area/V1_0_0/Other/Map_EV_Gacha_N0_0001_A1,27,3,Geometry;Map;Object
Game/Level/Area/V1_0_0/Other/Map_DB_Other_H1_0004_A1,53,3,Geometry;Map;Object
Game/Level/Area/V1_0_0/Other/Map_EV_Other_N0_2038_A1,52,3,Map;Object;Sound
Game/Level/Area/V1_0_0/Other/Map_EV_Gacha_N0_0001_B1,31,3,Geometry;Map;Object
Game/Level/Area/V1_0_0/Other/Map_BB_Other_N0_2007_A1,37,3,Geometry;Map;Object
Game/Level/Area/V1_0_0/Other/Map_DB_Other_H3_0001_A1,57,3,Geometry;Map;Object
Game/Level/Area/V1_0_0/Other/Map_EV_Other_N0_2001_D1,50,3,Effect;Map;Object
Game/Level/Area/V1_0_0/Other/Map_DB_Other_C3_0001_A1,61,3,CurveData;Map;Object
Game/Level/Area/V1_0_0/Other/Map_EV_Other_N0_2012_A1,61,3,Geometry;Map;Object
Game/Level/Area/V1_0_0/Other/Map_EV_Other_N0_2001_B1,44,3,Effect;Map;Object
Game/Level/Area/V1_0_0/Other/Map_EV_Other_N0_2051_A1,29,3,Geometry;Map;Object
Game/Level/Area/V1_0_0/Other/Map_DB_Other_H1_0002_A1,64,3,Geometry;Map;Object
Game/Level/Area/V1_0_0/Other/Map_DB_Other_H2_0004_A1,43,3,Geometry;Map;Object
Game/Level/Area/V1_0_0/Other/Map_BB_Other_N0_2007_B1,9,3,Geometry;Map;Object
Game/Level/Area/V1_0_0/Other/Map_EV_Other_N0_2007_B1,30,3,Effect;Map;Object
Game/Level/Area/V1_0_0/Other/Map_DB_Other_H2_0005_A1,79,3,Geometry;Map;Object
Game/Level/Area/V1_0_0/Other/Map_BB_Other_N0_2003_A1,68,3,Effect;Map;Object
Game/Level/Area/V1_0_0/Other/Map_EV_Other_N0_2034_A1,27,3,Geometry;Map;Object
Game/Level/Area/V1_0_0/Other/Map_DB_Other_H2_0001_A1,42,3,Geometry;Map;Object
Game/Level/Area/V1_0_0/Other/Map_EV_Other_N0_2039_A2,113,3,Map;Object;Sound
Game/Level/Area/V1_0_0/Other/Map_BB_Other_N0_2002_A1,34,3,Effect;Map;Object
Game/Level/Area/V1_0_0/Other/Map_DB_Other_R0_0002_A1,52,3,Geometry;Map;Object
Game/Level/Area/V1_0_0/Other/Map_EV_Other_N0_2044_A1,28,3,Geometry;Map;Object
Game/Level/Area/V1_0_0/Other/Map_EV_Other_N0_2043_A1,13,3,Geometry;Map;Object
Game/Level/Area/V1_0_0/Other/Map_EV_Other_N0_1011_A1,13,3,Geometry;Map;Object
Game/Level/Area/V1_0_0/Other/Map_DB_Other_H1_0001_A1,67,3,Geometry;Map;Object
Game/Level/Area/V1_0_0/Other/Map_BB_Other_N0_1004_B1,48,3,Geometry;Map;Object
Game/Level/Area/V1_0_0/Other/Map_EV_Other_N0_2047_A1,60,3,Effect;Map;Object
Game/Level/Area/V1_0_0/Other/Map_EV_Other_N0_2007_A1,30,3,Effect;Map;Object
Game/Level/Area/V1_0_0/Other/Map_EV_Other_N0_0090_A1,27,3,CurveData;Map;Object
Game/Level/Area/V1_0_0/Other/Map_EV_Other_N0_2033_A1,52,3,Geometry;Map;Object
Game/Level/Area/V1_0_0/Other/Map_DB_Other_R0_0001_A1,55,3,CurveData;Map;Object
Game/Level/Area/V1_0_0/Other/Map_DB_Other_H2_0002_A1,64,3,Geometry;Map;Object
Game/Level/Area/V1_0_0/EventSq/Map_SQ_EventSq_N0_0000_A1,21,3,Effect;Map;Object
Game/Level/Area/V1_0_0/Cliff/Map_TP_Cliff_N0_2001_D1,35,3,CurveData;Map;Object
Game/Level/Area/V1_0_0/Cliff/Map_FB_Cliff_N0_1001_A1,36,3,Geometry;Map;Object
Game/Level/Area/V1_0_0/Cliff/Map_FB_Cliff_N0_1002_A1,37,3,Geometry;Map;Object
Game/Level/Area/V1_0_0/HellForest/Map_FB_HellForest_N0_1001_A1,38,3,Geometry;Map;Object
Game/Level/Area/V1_0_0/HellForest/Map_BB_HellForest_N0_1001_B1,46,3,Geometry;Map;Object
Game/Level/Area/V1_0_0/HellCliff/Map_BB_HellCliff_N0_2002_A1,50,3,Effect;Map;Object
Game/Level/Area/V1_0_0/HellCliff/Map_FB_HellCliff_N0_1001_A1,46,3,Geometry;Map;Object
Game/Level/Area/V1_0_0/QPSForest/Map_DB_QPSForest_N0_1002_A1,56,3,Editor;Environment;UltimateRiverTool
Game/Level/Area/V1_0_0/HellMount/Map_EV_HellMount_N0_2001_B1,28,3,Map;Object;Sound
Game/Level/Area/V1_0_0/HellMount/Map_DB_HellMount_N0_2001_A1,80,3,Geometry;Map;Object
Game/Level/Area/V1_0_0/HellMount/Map_FB_HellMount_N0_1001_A1,49,3,Geometry;Map;Object
Game/Level/Area/V1_0_0/Danas/Map_EV_Danas_N0_1002_A1,31,3,Geometry;Map;Object
Game/Level/Area/V1_0_0/Danas/Map_EV_Danas_N0_1001_A1,19,3,Effect;Map;Object
Game/Level/Area/V1_0_0/Danas/Map_BB_Danas_N0_1001_A1,18,3,Effect;Environment;Map
Game/Level/Area/V1_0_0/Danas/Map_EV_Danas_N0_1003_B1,76,3,Environment;Geometry;PostProcess
Game/Level/Area/V1_0_0/Heaven/Map_DB_Heaven_N0_1001_A1,70,3,Effect;Map;Object
Game/Level/Area/V1_0_0/Heaven/Map_DB_Heaven_N0_1001_B1,75,3,Effect;Map;Object
Game/Level/Area/V1_0_0/Dice/Map_OP_Dice_N0_1001_E1,231,3,Geometry;Map;Object
Game/Level/Area/V1_0_0/Dice/Map_OP_Dice_N0_1001_G1,283,3,Geometry;Map;Object
Game/Level/Area/V1_0_0/Atsani/Map_BB_Atsani_N0_0002_A1,49,3,Effect;Map;Object
Game/Level/Area/Gacha/Widget/Material/Mi_GhChara,17,3,ExtTex;Map;UI
Game/Local/DataBase/Object/ObjectList,918,3,Environment;Level;Object
Game/UI/Common/Material/MI_FBImage_UniTex,4,3,Character;ExtTex;Map
Game/UI/Battle/Material/Mi_Battle_Icon_Ply02,8,3,Character;Level;Object
Game/UI/Battle/Material/M_Battle_Icon,9,3,Character;Level;Object
Game/UI/Battle/Material/Mi_Battle_Icon_Enemy,6,3,Character;Level;Object
Game/UI/Battle/Material/Mi_Battle_Icon_Ply,6,3,Character;Level;Object
Game/Debug/Menu/Param/DebugGraphics,388,3,Library;Map;Object
Game/Environment/Resource/Water/Material/EnvWtrMi_QPS_River_Scroll_NoRefraction_B,5,3,Effect;Map;Object
Game/Environment/Resource/Water/Material/EnvWtrMi_QPS_River_Scroll_NoRefraction_A,5,3,Effect;Map;Object
Game/Environment/Resource/Landscape/EnvLsc_Mount/Material/EnvLndMi_Fld_Mount_B_Setting,16,3,Editor;Texture;UltimateRiverTool
Game/Environment/Material/EnvMdrMM_GrdWall_Curse_Move,22,3,Effect;Map;Object
Game/Environment/Material/LndMM_QPS_Field_FullyRough_Dither,39,3,Editor;Object;UltimateRiverTool
Game/Object/Resource/BP/BP_Obj/BPI_Obj_Torch_A_Hornburg_Decal,12,3,Effect;Map;Sound
Game/Object/Resource/BP/BP_Obj/BPI_Obj_Torch_A,13,3,Effect;Map;Sound
Game/Object/Resource/BP/BP_Obj/BPI_Obj_Snow_Lantern_A,16,3,Effect;Map;Sound
Game/Object/Resource/BP/BP_Obj/BPI_Obj_SeikaTorch_Black,11,3,Effect;Map;Sound
Game/Object/Resource/BP/BP_Obj/BPI_EvObj_Bonfire_A,9,3,Effect;Map;Sound
Game/Object/Resource/BP/BP_Obj/BPI_Obj_Fireplace_A,9,3,Effect;Map;Sound
Game/Object/Resource/BP/BP_Obj/BPI_Obj_Fireplace_D,9,3,Effect;Map;Sound
Game/Object/Resource/BP/BP_Obj/BPI_Obj_Torch_Wall_Hornburg_A_EnvSound,11,3,Effect;Map;Sound
Game/Object/Resource/BP/BP_Obj/BPI_Obj_Gacha_No_0002_B,7,3,Effect;Level;Map
Game/Object/Resource/BP/BP_Obj/BPI_Obj_SeikaTorch_Blue_EnvSound,11,3,Effect;Map;Sound
Game/Object/Resource/BP/BP_Obj/BPI_Obj_Torch_Ground_EnvSound,11,3,Effect;Map;Sound
Game/Object/Resource/BP/BP_Obj/BPI_Obj_Gacha_No_0002_A,9,3,Effect;Level;Map
Game/Object/Resource/BP/BP_Obj/BPI_Obj_Torch_B_Wall_R_EnvSound,11,3,Effect;Map;Sound
Game/Object/Resource/BP/BP_Obj/BPI_Obj_Fireplace_C_Dither_B,10,3,Effect;Map;Sound
Game/Object/Resource/BP/BP_Obj/BPI_Obj_Fireplace_C,9,3,Effect;Map;Sound
Game/Object/Resource/BP/BP_Obj/BPI_Obj_Bernstein_Temple_Switch_Tall_B_on,11,3,Effect;Map;Sound
Game/Object/Resource/BP/BP_Obj/BPI_Obj_Torch_Wall_Hornburg_B_R,11,3,Effect;Map;Sound
Game/Object/Resource/BP/BP_Obj/BPI_Obj_Torch_A_HellCliff_Decal,12,3,Effect;Map;Sound
Game/Object/Resource/BP/BP_Obj/BPI_Obj_Torch_Wall_A_L,11,3,Effect;Map;Sound
Game/Object/Resource/BP/BP_Obj/BPI_Obj_SeikaTorch_Blue,11,3,Effect;Map;Sound
Game/Object/Resource/BP/BP_Obj/BPI_Obj_Torch_D_Cave_EnvSound_Blizzerd_Decal,12,3,Effect;Map;Sound
Game/Object/Resource/BP/BP_Obj/BPI_Obj_Torch_Wall_Hornburg_C_L,11,3,Effect;Map;Sound
Game/Object/Resource/BP/BP_Obj/BPI_Obj_SeikaTorch_Blue_B_Red,11,3,Effect;Map;Sound
Game/Object/Resource/BP/BP_Obj/BPI_Obj_SeikaTorch_EnvSound,10,3,Effect;Map;Sound
Game/Object/Resource/BP/BP_Obj/BPI_Obj_Torch_B_Wall_EnvSound,11,3,Effect;Map;Sound
Game/Object/Resource/BP/BP_Obj/BPI_Obj_Torch_Wall_Hornburg_C_R,11,3,Effect;Map;Sound
Game/Object/Resource/BP/BP_Obj/BPI_Obj_Torch_Wall_Hornburg_C_EnvSound,11,3,Effect;Map;Sound
Game/Object/Resource/BP/BP_Obj/BPI_Obj_Torch_A_HellCliff_Decal_NoLod,12,3,Effect;Map;Sound
Game/Object/Resource/BP/BP_Obj/BPI_Obj_SeikaTorch_Blue_B_Green,11,3,Effect;Map;Sound
Game/Object/Resource/BP/BP_Obj/BPI_Obj_HellCliff_Torch_A,11,3,Effect;Map;Sound
Game/Object/Resource/BP/BP_Obj/BPI_Obj_Pyramid_Torch_B,11,3,Effect;Map;Sound
Game/Object/Resource/BP/BP_Obj/BPI_BlueFire_Loop_A,8,3,Effect;Map;Sound
Game/Object/Resource/BP/BP_Obj/BPI_Obj_Torch_Wall_Hornburg_B_EnvSound,11,3,Effect;Map;Sound
Game/Object/Resource/BP/BP_Obj/BPI_Obj_SeikaTorch_Blue_B,11,3,Effect;Map;Sound
Game/Object/Resource/BP/BP_Obj/BPI_Obj_Torch_Wall_Hornburg_B_L,11,3,Effect;Map;Sound
Game/Object/Resource/BP/BP_Obj/BPI_Obj_ClbBD_BlackAsterisk,11,3,Effect;Map;Sound
Game/Object/Resource/BP/BP_Obj/BPI_Obj_Torch_Wall_A_EnvSound,11,3,Effect;Map;Sound
Game/Object/Resource/BP/BP_Obj/BPI_Obj_Snow_Lantern_A_NoLod,16,3,Effect;Map;Sound
Game/Object/Resource/BP/BP_Obj/BPI_Obj_Torch_D_Cave_EnvSound_Blizzerd,13,3,Effect;Map;Sound
Game/Object/Resource/BP/BP_Obj/BPI_EvObj_Campset_A_Bonfire_A_On,8,3,Effect;Environment;Sound
Game/Object/Resource/BP/BP_Obj/BPI_Obj_Pyramid_Torch_A,11,3,Effect;Map;Sound
Game/Object/Resource/BP/BP_Obj/BPi_Campset_A_Bonfire_AllwaysFire,7,3,Effect;Environment;Sound
Game/Object/Resource/BP/BP_Obj/BPI_Obj_Fireplace_AR,9,3,Effect;Map;Sound
Game/Object/Resource/BP/BP_Obj/BPI_Obj_Torch_Wall_A_NoLod,11,3,Effect;Map;Sound
Game/Object/Resource/BP/BP_Obj/BPI_Obj_SeikaTorch_Blue_Gacha,11,3,Effect;Map;Sound
Game/Object/Resource/BP/BP_Obj/BPI_Obj_Torch_A_NoLod,13,3,Effect;Map;Sound
Game/Object/Resource/BP/BP_Obj/BPI_EvObj_RainbowRoad_Torch_B,9,3,Effect;Map;Sound
Game/Object/Resource/BP/BP_Obj/BPI_Obj_Snow_Lantern_B,11,3,Effect;Map;Sound
Game/Object/Resource/BP/BP_Obj/BPI_Obj_Bernstein_Temple_Switch_Tall_A_on,11,3,Effect;Map;Sound
Game/Object/Resource/BP/BP_Obj/BPI_Obj_Torch_Wall_Hornburg_A_L,11,3,Effect;Map;Sound
Game/Object/Resource/BP/BP_Obj/BPI_Obj_Bernstein_Temple_Switch_Tall_C_on,11,3,Effect;Map;Sound
Game/Object/Resource/BP/BP_Obj/BPI_Obj_Mount_Fireplace_A,9,3,Effect;Map;Sound
Game/Object/Resource/BP/BP_Obj/BPI_Obj_Torch_A_Decal,12,3,Effect;Map;Sound
Game/Object/Resource/BP/BP_Obj/BPI_Obj_Torch_B_Wall_NoLod,11,3,Effect;Map;Sound
Game/Object/Resource/BP/BP_Obj/BPI_Obj_Torch_Wall_Hornburg_A_R,11,3,Effect;Map;Sound
Game/Object/Resource/BP/BP_Obj/BPI_Obj_SmallShrine_C,20,3,Effect;Environment;Map
Game/Object/Resource/BP/BP_Obj/BPI_Obj_Bernstein_Temple_Torch,10,3,Effect;Map;Sound
Game/Object/Resource/BP/BP_Obj/BPI_EvObj_RainbowRoad_Torch_A,9,3,Effect;Map;Sound
Game/Object/Resource/BP/BP_Obj/BPI_Obj_Altar_Torch_A_NoMesh,10,3,Effect;Map;Sound
Game/Object/Resource/BP/BP_Obj/BPI_Obj_Torch_Hornburg_A_Decal,12,3,Effect;Map;Sound
Game/Object/Resource/BP/BP_Obj/BPI_Obj_Torch_A_HellRed_Decal,12,3,Effect;Map;Sound
Game/Object/Resource/BP/BP_Obj/BPI_Obj_Torch_Wall_A_R,11,3,Effect;Map;Sound
Game/Object/Resource/BP/BP_Obj/BPI_Obj_Torch_B_Wall_L_EnvSound,11,3,Effect;Map;Sound
Game/Object/Resource/BP/BP_Obj/BPI_Obj_Torch_A_Blue_Decal,12,3,Effect;Map;Sound
Game/Object/Resource/BP/BP_Obj/BPI_EvObj_RainbowRoad_Torch_C,9,3,Effect;Map;Sound
Game/Object/Resource/BP/BP_Obj/BPI_Obj_Torch_Ground_Hornburg_EnvSound,11,3,Effect;Map;Sound
Game/Object/Resource/BP/BP_Obj/BPI_Obj_Fireplace_River,9,3,Effect;Map;Sound
Game/Object/Resource/BP/BP_Obj/BPI_Obj_Altar_Torch_A_Decal,12,3,Effect;Map;Sound
Game/Object/Resource/BP/BP_Obj/BPI_Danas/BPI_Danas_N0_1002_A1_MoveFloor,25,3,Effect;Geometry;Map
Game/Object/Resource/BP/BP_Obj/BPI_Ev_Room/BPI_Obj_StrPC09009_01_01b_3,13,3,Effect;Map;Sound
Game/Object/Resource/BP/BP_Obj/BP_Photo/BPI_Obj_EvPht004_02_01a_Tako,13,3,Environment;Geometry;Map
Game/Object/Resource/BP/BP_Obj/BP_Photo/BPI_Obj_EvPht003_01_02a,33,3,Effect;Geometry;Map
Game/Object/Resource/BP/BP_Obj/BPI_AutoDun/AutoDunIsland/V3_24_0/BPI_AutoDun_Island_Ruins_A_E2,85,3,Effect;Geometry;Map
Game/Object/Resource/BP/BP_Obj/BPI_AutoDun/AutoDunIsland/V3_24_0/BPI_AutoDun_Island_Ruins_A_E3,92,3,Effect;Geometry;Map
Game/Object/Resource/BP/BP_Obj/BP_QPS/BPI_Obj_SeaFlag_A,12,3,Character;Environment;Geometry
Game/Object/Resource/V1_0_0/Obj/Obj_Krosa/Material/EnvWtrMi_QPS_Ocean_OPQ_Krosa_A,10,3,Environment;Texture;UltimateRiverTool
Game/Object/Resource/V1_0_0/Obj/Obj_Krosa/Material/EnvWtrMi_QPS_Ocean_OPQ_Krosa_Battle_A,11,3,Environment;Texture;UltimateRiverTool
Game/Object/Resource/V1_0_0/Obj/Obj_Hell_Cliff/Material/ObjMI_Hell_Reef_A_Bright02,10,3,Effect;ExtTex;Map
Game/Object/Resource/V1_0_0/Obj/Obj_Hell_Cliff/Material/ObjMI_Hell_Reef_A_Bright,10,3,Effect;ExtTex;Map
Game/Object/Resource/V1_0_0/Obj/Obj_Float/BP/BPI_Obj_Float_Fire_A,8,3,Effect;Map;Sound
Game/Object/Resource/V1_0_0/Obj/Obj_Float/BP/BPI_Obj_Float_Torch_A,10,3,Effect;Map;Sound
Game/Object/Resource/V1_0_0/Obj/Obj_Float/BP/BPI_Obj_Float_Torch_B,10,3,Effect;Map;Sound
Game/Effect/Resource/V1_0_0/Materials/Mii/Add_02/Mt_Elf_RingOrgChange,11,3,Level;Map;Object
Game/Effect/Resource/V1_0_0/Materials/Mii/Add_02/Mt_Elf_RingOrgInstChange,12,3,Level;Map;Object
Game/Effect/Resource/V1_0_0/Materials/Mii/Add_02/Mt_Elf_RingOrgChange2,9,3,Level;Map;Object
Game/Effect/Resource/V1_0_0/Materials/Mii/Add_02/Mt_Elf_RingOrgInstChange2,11,3,Level;Map;Object
