canonical_name,type_code,region,in_cotc,in_ot0,cotc_file_count,ot0_file_count,ot0_has_eff,ot0_has_gd,status,cotc_area_size,ot0_base_size,ot0_eff_size,ot0_gd_size
BB_Atsani_N0_0001_A1,BB,Atsani,True,False,2,0,False,False,cotc_only,251711.0,,,
BB_Atsani_N0_0002_A1,BB,Atsani,True,False,2,0,False,False,cotc_only,441859.0,,,
BB_Danas_N0_1001_A1,BB,Danas,True,False,2,0,False,False,cotc_only,63150.0,,,
BB_Hagupit_N0_0001_A1,BB,Hagupit,True,False,2,0,False,False,cotc_only,618445.0,,,
BB_Hagupit_N0_0001_A2,BB,Hagupit,True,False,2,0,False,False,cotc_only,569436.0,,,
BB_HellCliff_N0_2002_A1,BB,HellCliff,True,True,2,4,True,True,both,720714.0,1505939.0,19141.0,8513.0
BB_HellForest_N0_1001_B1,BB,HellForest,True,True,2,4,True,True,both,529438.0,7215057.0,81831.0,8581.0
BB_Hell_N0_1001_A1,BB,Hell,True,False,2,0,False,False,cotc_only,419800.0,,,
BB_Hell_N0_1001_B1,BB,Hell,True,False,2,0,False,False,cotc_only,484474.0,,,
BB_Hell_N0_1001_C1,BB,Hell,True,False,2,0,False,False,cotc_only,262242.0,,,
BB_Hell_N0_2001_A1,BB,Hell,True,True,2,4,True,True,both,463146.0,2962450.0,16501.0,8635.0
BB_Hell_N0_2001_D1,BB,Hell,True,True,2,3,False,True,both,568613.0,3108788.0,,8255.0
BB_Hell_N0_2001_E1,BB,Hell,True,True,2,3,False,True,both,411495.0,3283576.0,,8718.0
BB_Hell_N0_2001_F1,BB,Hell,True,True,2,4,True,True,both,429188.0,2269035.0,54708.0,8635.0
BB_Krosa_N0_1001_B1,BB,Krosa,True,False,2,0,False,False,cotc_only,245075.0,,,
BB_Krosa_N0_1001_C1,BB,Krosa,True,False,2,0,False,False,cotc_only,118216.0,,,
BB_Krosa_N0_1001_D1,BB,Krosa,True,False,2,0,False,False,cotc_only,740342.0,,,
BB_Krosa_N0_1001_E1,BB,Krosa,True,False,2,0,False,False,cotc_only,513193.0,,,
BB_Krosa_N0_1001_F1,BB,Krosa,True,False,2,0,False,False,cotc_only,401964.0,,,
BB_Krosa_N0_1001_G1,BB,Krosa,True,False,2,0,False,False,cotc_only,461471.0,,,
BB_Krosa_N0_1001_H1,BB,Krosa,True,False,2,0,False,False,cotc_only,347702.0,,,
BB_Krosa_N0_1001_I1,BB,Krosa,True,False,2,0,False,False,cotc_only,174830.0,,,
BB_Other_N0_1001_A1,BB,Other,True,True,2,4,True,True,both,545023.0,2056755.0,32535.0,8737.0
BB_Other_N0_1002_A1,BB,Other,True,True,2,4,True,True,both,454737.0,5187172.0,21009.0,8737.0
BB_Other_N0_1002_G1,BB,Other,False,True,0,3,True,True,ot0_only,,2096804.0,12985.0,7100.0
BB_Other_N0_1003_A1,BB,Other,True,True,2,3,False,True,both,317531.0,3123149.0,,8787.0
BB_Other_N0_1004_A1,BB,Other,True,True,2,3,False,True,both,488549.0,2325155.0,,8787.0
BB_Other_N0_1004_B1,BB,Other,True,True,2,3,False,True,both,509972.0,1656418.0,,8787.0
BB_Other_N0_1005_A1,BB,Other,True,True,2,4,True,True,both,567295.0,3545552.0,32823.0,8737.0
BB_Other_N0_1010_A1,BB,Other,True,True,2,2,False,True,both,9902.0,11727.0,,5365.0
BB_Other_N0_2001_A1,BB,Other,True,True,2,4,True,True,both,515069.0,6891298.0,93838.0,8737.0
BB_Other_N0_2002_A1,BB,Other,True,True,2,4,True,True,both,159083.0,3396095.0,162109.0,8241.0
BB_Other_N0_2002_B1,BB,Other,True,True,2,4,True,True,both,331339.0,3399791.0,50121.0,8241.0
BB_Other_N0_2003_A1,BB,Other,True,True,2,4,True,True,both,493782.0,4188233.0,150995.0,8200.0
BB_Other_N0_2003_B1,BB,Other,True,True,2,4,True,True,both,436577.0,4933378.0,119523.0,8200.0
BB_Other_N0_2005_A1,BB,Other,True,True,2,4,True,True,both,596171.0,3175949.0,13614.0,8737.0
BB_Other_N0_2007_A1,BB,Other,True,True,2,3,True,True,both,248037.0,896013.0,26335.0,9631.0
BB_Other_N0_2007_B1,BB,Other,True,True,2,2,False,True,both,368049.0,536165.0,,5778.0
BB_Other_N0_2007_C1,BB,Other,True,True,2,2,False,True,both,35774.0,88779.0,,5365.0
BB_Other_N0_2007_C2,BB,Other,True,True,2,2,False,True,both,35775.0,88781.0,,5365.0
BB_Other_N0_6001_A1,BB,Other,False,True,0,1,False,False,ot0_only,,384.0,,
BB_Other_N0_6002_A1,BB,Other,False,True,0,1,False,False,ot0_only,,384.0,,
BB_Other_N0_9001_B2,BB,Other,False,True,0,3,True,True,ot0_only,,2383129.0,17691.0,8709.0
BB_Other_N0_9010_A1,BB,Other,False,True,0,2,False,True,ot0_only,,8856439.0,,8250.0
BB_Plain_N0_0003_B1,BB,Plain,True,False,2,0,False,False,cotc_only,676993.0,,,
BB_Plain_N0_0004_A1,BB,Plain,True,False,2,0,False,False,cotc_only,726779.0,,,
BB_Plain_N0_0005_A1,BB,Plain,True,False,2,0,False,False,cotc_only,716955.0,,,
BB_QPSCity_N0_1001_C1,BB,QPSCity,True,False,2,0,False,False,cotc_only,846125.0,,,
BB_QPSCity_N0_1003_A1,BB,QPSCity,True,False,2,0,False,False,cotc_only,67450.0,,,
BB_QPSCity_N0_2001_C1,BB,QPSCity,True,False,2,0,False,False,cotc_only,135054.0,,,
BB_QPSCity_N0_2001_C2,BB,QPSCity,True,False,2,0,False,False,cotc_only,41398.0,,,
BB_QPSCity_N0_2001_C3,BB,QPSCity,True,False,2,0,False,False,cotc_only,184527.0,,,
BB_QPSDesert_N0_1001_A2,BB,QPSDesert,True,False,2,0,False,False,cotc_only,651110.0,,,
BB_QPSForest_N0_1001_A1,BB,QPSForest,True,False,2,0,False,False,cotc_only,1105718.0,,,
BB_QPSMount_N0_1001_C1,BB,QPSMount,True,False,2,0,False,False,cotc_only,1210124.0,,,
BB_QPSOther_N0_1002_A1,BB,QPSOther,True,False,2,0,False,False,cotc_only,44789.0,,,
BB_QPSSea_N0_1001_B1,BB,QPSSea,True,False,2,0,False,False,cotc_only,339981.0,,,
BB_QPSSnow_N0_1001_A2,BB,QPSSnow,True,False,2,0,False,False,cotc_only,801750.0,,,
BB_QPSWilderness_N0_1002_C1,BB,QPSWilderness,True,False,2,0,False,False,cotc_only,749479.0,,,
BB_Sea_N0_1001_D1,BB,Sea,True,True,2,4,True,True,both,502879.0,8136011.0,9291.0,8601.0
BB_Snow_N0_2003_B1,BB,Snow,True,True,2,4,True,True,both,416069.0,539955.0,30570.0,5334.0
DB_AutoDun_N0_1001_A1,DB,AutoDun,True,False,2,0,False,False,cotc_only,561911.0,,,
DB_Cliff_N0_1003_B1,DB,Cliff,False,True,0,3,False,True,ot0_only,,10069687.0,,8759.0
DB_Heaven_N0_1001_A1,DB,Heaven,True,True,2,3,True,True,both,1922190.0,9610191.0,54023.0,8319.0
DB_Heaven_N0_1001_B1,DB,Heaven,True,True,2,3,True,True,both,774578.0,6090912.0,93995.0,5809.0
DB_Heaven_N0_1001_B2,DB,Heaven,True,True,2,3,True,True,both,965027.0,3856597.0,176760.0,5809.0
DB_Heaven_N0_1001_C1,DB,Heaven,True,True,2,3,True,True,both,1311744.0,7952910.0,38209.0,5396.0
DB_HellCliff_N0_2001_A1,DB,HellCliff,True,True,2,4,True,True,both,776597.0,1439582.0,22953.0,8513.0
DB_HellMount_N0_2001_A1,DB,HellMount,True,True,2,3,False,True,both,548296.0,3245225.0,,5489.0
DB_HellMount_N0_2001_B1,DB,HellMount,True,True,2,3,False,True,both,640497.0,5472836.0,,9256.0
DB_Hell_N0_0001_A1,DB,Hell,True,True,2,3,False,True,both,334035.0,5335025.0,,8635.0
DB_Hell_N0_0002_A1,DB,Hell,True,True,2,3,False,True,both,578696.0,5556503.0,,8222.0
DB_Other_N0_5001_A1,DB,Other,True,False,2,0,False,False,cotc_only,596500.0,,,
DB_Other_N0_9001_A1,DB,Other,False,True,0,3,True,True,ot0_only,,7391481.0,46379.0,819665.0
DB_Other_N0_9001_A2,DB,Other,False,True,0,3,True,True,ot0_only,,4048903.0,55626.0,5365.0
DB_Other_N0_9001_B1,DB,Other,False,True,0,3,True,True,ot0_only,,9830455.0,15185.0,8709.0
DB_Plain_N0_0001_H1,DB,Plain,True,True,2,1,False,False,both,374777.0,384.0,,
DB_Plain_N0_0002_A1,DB,Plain,True,False,2,0,False,False,cotc_only,726477.0,,,
DB_Plain_N0_0004_A1,DB,Plain,True,False,2,0,False,False,cotc_only,644237.0,,,
DB_Plain_N0_0004_C1,DB,Plain,True,False,2,0,False,False,cotc_only,817264.0,,,
DB_QPSCity_N0_1001_A1,DB,QPSCity,True,False,2,0,False,False,cotc_only,760845.0,,,
DB_QPSCity_N0_1003_A1,DB,QPSCity,True,False,2,0,False,False,cotc_only,896349.0,,,
DB_QPSCity_N0_2001_A1,DB,QPSCity,True,False,2,0,False,False,cotc_only,950591.0,,,
DB_QPSCity_N0_2001_B1,DB,QPSCity,True,False,2,0,False,False,cotc_only,488078.0,,,
DB_QPSCity_N0_2001_C1,DB,QPSCity,True,False,2,0,False,False,cotc_only,375308.0,,,
DB_QPSCity_N0_2001_D1,DB,QPSCity,True,False,2,0,False,False,cotc_only,392128.0,,,
DB_QPSDesert_N0_1001_A1,DB,QPSDesert,True,False,2,0,False,False,cotc_only,603271.0,,,
DB_QPSForest_N0_1001_A1,DB,QPSForest,True,False,2,0,False,False,cotc_only,1346013.0,,,
DB_QPSForest_N0_1002_A1,DB,QPSForest,True,False,2,0,False,False,cotc_only,1904940.0,,,
DB_QPSIsland_N0_1001_A1,DB,QPSIsland,True,False,2,0,False,False,cotc_only,1625119.0,,,
DB_QPSMount_N0_1001_A1,DB,QPSMount,True,False,2,0,False,False,cotc_only,790650.0,,,
DB_QPSMount_N0_1001_A2,DB,QPSMount,True,False,2,0,False,False,cotc_only,788499.0,,,
DB_QPSOther_N0_1002_A1,DB,QPSOther,True,False,2,0,False,False,cotc_only,5137.0,,,
DB_QPSSea_N0_1001_A1,DB,QPSSea,True,False,2,0,False,False,cotc_only,1716231.0,,,
DB_QPSSea_N0_1001_B1,DB,QPSSea,True,False,2,0,False,False,cotc_only,768228.0,,,
DB_QPSSea_N0_1002_A1,DB,QPSSea,True,False,2,0,False,False,cotc_only,381985.0,,,
DB_QPSSnow_N0_1001_A1,DB,QPSSnow,True,False,2,0,False,False,cotc_only,1316036.0,,,
DB_QPSWilderness_N0_1001_A1,DB,QPSWilderness,True,False,2,0,False,False,cotc_only,739484.0,,,
DB_QPSWilderness_N0_1002_A1,DB,QPSWilderness,True,False,2,0,False,False,cotc_only,732571.0,,,
DB_QPSWilderness_N0_1002_A2,DB,QPSWilderness,True,False,2,0,False,False,cotc_only,647231.0,,,
DB_Ragasa_N0_0002_A1,DB,Ragasa,True,False,2,0,False,False,cotc_only,259916.0,,,
DB_Ragasa_N0_0004_A1,DB,Ragasa,True,False,2,0,False,False,cotc_only,368132.0,,,
DB_Ragasa_N0_0005_B1,DB,Ragasa,True,False,2,0,False,False,cotc_only,277827.0,,,
DB_Ragasa_N0_0006_A1,DB,Ragasa,True,False,2,0,False,False,cotc_only,338967.0,,,
DB_Sea_N0_1001_A1,DB,Sea,False,True,0,1,False,False,ot0_only,,3053064.0,,
DB_Sea_N0_2001_A1,DB,Sea,True,True,2,4,True,True,both,109434.0,5281719.0,186473.0,8105.0
DB_Sea_N0_2001_B1,DB,Sea,True,True,2,4,True,True,both,339406.0,2727698.0,83430.0,8523.0
DB_Sea_N0_9002_A1,DB,Sea,False,True,0,4,True,True,ot0_only,,7523439.0,31298.0,126100.0
DB_Sea_N0_9003_A1,DB,Sea,False,True,0,3,False,True,ot0_only,,2745749.0,,5303.0
DB_Snow_N0_2003_A1,DB,Snow,True,False,2,0,False,False,cotc_only,1203218.0,,,
DP_Atsani_N0_0001_A1,DP,Atsani,True,False,2,0,False,False,cotc_only,3858416.0,,,
DP_Atsani_N0_0001_B1,DP,Atsani,True,False,2,0,False,False,cotc_only,5728570.0,,,
DP_AutoDun_N0_1001_A1,DP,AutoDun,True,False,2,0,False,False,cotc_only,64218.0,,,
DP_Cliff_N0_1001_A1,DP,Cliff,True,True,2,4,True,True,both,2022733.0,4511793.0,33078.0,589306.0
DP_Cliff_N0_1001_B1,DP,Cliff,True,True,2,4,True,True,both,1355983.0,2598605.0,41096.0,533009.0
DP_Cliff_N0_1002_A1,DP,Cliff,True,True,2,4,True,True,both,2271685.0,4705626.0,62892.0,695854.0
DP_Cliff_N0_1002_B1,DP,Cliff,True,True,2,4,True,True,both,2198587.0,3208779.0,58792.0,629876.0
DP_Cliff_N0_1003_A1,DP,Cliff,True,True,2,4,True,True,both,2477425.0,4947361.0,83102.0,693452.0
DP_Cliff_N0_1003_B1,DP,Cliff,True,True,2,3,False,True,both,2743337.0,2656684.0,,1569771.0
DP_Cliff_N0_1003_B2,DP,Cliff,True,True,2,4,True,True,both,2310825.0,2168232.0,34029.0,773205.0
DP_Cliff_N0_1003_C1,DP,Cliff,True,True,2,4,True,True,both,6493667.0,7009975.0,180549.0,1295966.0
DP_Cliff_N0_1003_D1,DP,Cliff,True,True,2,4,True,True,both,5611433.0,6133603.0,251072.0,1495485.0
DP_Cliff_N0_1003_E1,DP,Cliff,True,True,2,4,True,True,both,678839.0,1196841.0,13484.0,300827.0
DP_Cliff_N0_1003_F1,DP,Cliff,True,True,2,4,True,True,both,1819152.0,2606668.0,21623.0,339255.0
DP_Cliff_N0_1003_G1,DP,Cliff,True,True,2,4,True,True,both,2616446.0,2939998.0,108226.0,704741.0
DP_Cliff_N0_1009_A1,DP,Cliff,True,True,2,1,False,False,both,2329945.0,46173.0,,
DP_Cliff_N0_2009_A1,DP,Cliff,True,True,2,1,False,False,both,2401309.0,43649.0,,
DP_Cliff_N0_6001_A1,DP,Cliff,False,True,0,1,False,False,ot0_only,,31133.0,,
DP_Cliff_N0_6001_B1,DP,Cliff,False,True,0,1,False,False,ot0_only,,29699.0,,
DP_Cliff_N0_6002_A1,DP,Cliff,False,True,0,1,False,False,ot0_only,,384.0,,
DP_Cliff_N0_6002_B1,DP,Cliff,False,True,0,1,False,False,ot0_only,,384.0,,
DP_Cliff_N0_6002_C1,DP,Cliff,False,True,0,1,False,False,ot0_only,,384.0,,
DP_Danas_N0_1001_A1,DP,Danas,True,False,2,0,False,False,cotc_only,1495475.0,,,
DP_Danas_N0_1001_B1,DP,Danas,True,False,2,0,False,False,cotc_only,2515351.0,,,
DP_Danas_N0_1001_C1,DP,Danas,True,False,2,0,False,False,cotc_only,2568081.0,,,
DP_Danas_N0_1001_D1,DP,Danas,True,False,2,0,False,False,cotc_only,2557617.0,,,
DP_Danas_N0_1001_E1,DP,Danas,True,False,2,0,False,False,cotc_only,2513632.0,,,
DP_Danas_N0_1001_F1,DP,Danas,True,False,2,0,False,False,cotc_only,1984634.0,,,
DP_Danas_N0_1001_G1,DP,Danas,True,False,2,0,False,False,cotc_only,700157.0,,,
DP_Danas_N0_1002_A1,DP,Danas,True,False,2,0,False,False,cotc_only,1476010.0,,,
DP_Danas_N0_1003_A1,DP,Danas,True,False,2,0,False,False,cotc_only,2414209.0,,,
DP_Danas_N0_1003_B1,DP,Danas,True,False,2,0,False,False,cotc_only,2889432.0,,,
DP_Danas_N0_1004_A1,DP,Danas,True,False,2,0,False,False,cotc_only,2630292.0,,,
DP_Danas_N0_1004_B1,DP,Danas,True,False,2,0,False,False,cotc_only,7211974.0,,,
DP_Desert_N0_1009_A1,DP,Desert,True,True,2,4,True,True,both,2486763.0,3521300.0,124761.0,1442181.0
DP_Desert_N0_2001_A1,DP,Desert,True,True,2,4,True,True,both,5610328.0,6710440.0,134097.0,1510680.0
DP_Desert_N0_2001_B1,DP,Desert,True,True,2,4,True,True,both,6578428.0,6405287.0,184370.0,1943445.0
DP_Desert_N0_2002_A1,DP,Desert,True,True,2,4,True,True,both,3234378.0,3820721.0,145923.0,877597.0
DP_Desert_N0_2002_B1,DP,Desert,True,True,2,4,True,True,both,4277585.0,4961298.0,256510.0,1334418.0
DP_Desert_N0_2002_C1,DP,Desert,True,True,2,4,True,True,both,7456799.0,8620413.0,193819.0,2436757.0
DP_Desert_N0_2002_D1,DP,Desert,True,True,2,4,True,True,both,2127017.0,2121063.0,204412.0,407738.0
DP_Desert_N0_2009_A1,DP,Desert,True,True,2,1,False,False,both,2880290.0,40825.0,,
DP_Forest_N0_1001_A1,DP,Forest,True,True,2,4,True,True,both,1938661.0,3353165.0,29961.0,484252.0
DP_Forest_N0_1001_B1,DP,Forest,True,True,2,4,True,True,both,3670350.0,5007092.0,30002.0,864039.0
DP_Forest_N0_1002_A1,DP,Forest,True,True,2,4,True,True,both,4692268.0,5933206.0,22579.0,1310094.0
DP_Forest_N0_1002_B1,DP,Forest,True,True,2,4,True,True,both,2980810.0,3049702.0,37829.0,663759.0
DP_Forest_N0_1003_A1,DP,Forest,True,True,2,4,True,True,both,3390983.0,5778784.0,32687.0,915430.0
DP_Forest_N0_1003_B1,DP,Forest,True,True,2,4,True,True,both,3450080.0,3398307.0,42229.0,1274144.0
DP_Forest_N0_1009_A1,DP,Forest,True,True,2,1,False,False,both,2388836.0,36976.0,,
DP_Forest_N0_2001_A1,DP,Forest,True,True,2,4,True,True,both,5298885.0,5687358.0,98212.0,1565996.0
DP_Forest_N0_2001_B1,DP,Forest,True,True,2,4,True,True,both,1651209.0,2231591.0,21938.0,374016.0
DP_Forest_N0_2002_A1,DP,Forest,True,True,2,4,True,True,both,734123.0,827420.0,13573.0,79452.0
DP_Forest_N0_2002_B1,DP,Forest,True,True,2,4,True,True,both,2891288.0,3348996.0,42113.0,977673.0
DP_Forest_N0_2009_A1,DP,Forest,True,True,2,4,True,True,both,2099215.0,9769479.0,120481.0,821093.0
DP_Forest_N0_6001_A1,DP,Forest,False,True,0,1,False,False,ot0_only,,17719.0,,
DP_Forest_N0_6001_B1,DP,Forest,False,True,0,1,False,False,ot0_only,,385.0,,
DP_Forest_N0_6001_C1,DP,Forest,False,True,0,1,False,False,ot0_only,,385.0,,
DP_Forest_N0_9001_A1,DP,Forest,False,True,0,4,True,True,ot0_only,,8873754.0,47004.0,245445.0
DP_Heaven_N0_1001_A1,DP,Heaven,True,True,2,3,False,True,both,482147.0,991566.0,,107138.0
DP_Heaven_N0_1002_A1,DP,Heaven,True,True,2,3,False,True,both,4670725.0,4557455.0,,555970.0
DP_Heaven_N0_1002_B1,DP,Heaven,True,True,2,4,True,True,both,7978660.0,12119919.0,256765.0,917480.0
DP_Heaven_N0_1002_C1,DP,Heaven,True,True,2,4,True,True,both,3741604.0,4241201.0,544413.0,417567.0
DP_Heaven_N0_1002_D1,DP,Heaven,True,True,2,4,True,True,both,1406041.0,3458249.0,459109.0,325752.0
DP_Heaven_N0_1002_D2,DP,Heaven,True,True,2,4,True,True,both,2414402.0,3910511.0,287897.0,894051.0
DP_Heaven_N0_1002_D3,DP,Heaven,True,True,2,4,True,True,both,1459967.0,1543423.0,97570.0,304874.0
DP_Heaven_N0_1002_D4,DP,Heaven,True,True,2,4,True,True,both,1527763.0,3668272.0,221296.0,546128.0
DP_Heaven_N0_1002_D5,DP,Heaven,True,True,2,4,True,True,both,3160596.0,2765256.0,293336.0,464232.0
DP_Heaven_N0_1002_E1,DP,Heaven,True,True,2,4,True,True,both,7371255.0,14706518.0,186297.0,1134327.0
DP_Heaven_N0_1002_F1,DP,Heaven,True,True,2,4,True,True,both,1121144.0,1991393.0,111756.0,392846.0
DP_Heaven_N0_1002_G1,DP,Heaven,False,True,0,4,True,True,ot0_only,,2998013.0,42135.0,117319.0
DP_HellCliff_N0_2001_A1,DP,HellCliff,True,True,2,4,True,True,both,3049899.0,6533172.0,258328.0,603896.0
DP_HellCliff_N0_2001_B1,DP,HellCliff,True,True,2,4,True,True,both,3083137.0,5163512.0,206971.0,601054.0
DP_HellCliff_N0_2002_A1,DP,HellCliff,True,True,2,4,True,True,both,7851327.0,4590544.0,38888.0,567510.0
DP_HellCliff_N0_2002_A2,DP,HellCliff,True,True,2,4,True,True,both,6470126.0,2289575.0,30329.0,319708.0
DP_HellCliff_N0_2002_A3,DP,HellCliff,True,True,2,4,True,True,both,742936.0,994295.0,10035.0,157185.0
DP_HellCliff_N0_2002_B1,DP,HellCliff,True,True,2,4,True,True,both,4543729.0,1887342.0,30426.0,358182.0
DP_HellCliff_N0_2002_B2,DP,HellCliff,True,True,2,4,True,True,both,1069731.0,4302666.0,48250.0,320844.0
DP_HellCliff_N0_2002_B3,DP,HellCliff,True,True,2,4,True,True,both,4729151.0,4951216.0,37382.0,472087.0
DP_HellCliff_N0_2002_B4,DP,HellCliff,True,True,2,4,True,True,both,1494802.0,3498539.0,18921.0,195680.0
DP_HellCliff_N0_2002_C1,DP,HellCliff,True,True,2,4,True,True,both,6553036.0,5552657.0,50669.0,720003.0
DP_HellCliff_N0_2002_C2,DP,HellCliff,True,True,2,4,True,True,both,3635706.0,3088432.0,38790.0,515355.0
DP_HellCliff_N0_2002_C3,DP,HellCliff,True,True,2,4,True,True,both,1892576.0,3478250.0,108117.0,411657.0
DP_HellForest_N0_1001_A1,DP,HellForest,True,True,2,4,True,True,both,2112231.0,4644178.0,113035.0,485452.0
DP_HellForest_N0_1001_B1,DP,HellForest,True,True,2,4,True,True,both,2869087.0,5611075.0,524929.0,646723.0
DP_HellForest_N0_1001_C1,DP,HellForest,True,True,2,4,True,True,both,722548.0,1816408.0,193948.0,113387.0
DP_HellMount_N0_2001_D1,DP,HellMount,False,True,0,1,False,False,ot0_only,,7103.0,,
DP_HellMount_N0_2002_A1,DP,HellMount,True,True,2,4,True,True,both,1852217.0,1993449.0,30991.0,561346.0
DP_HellMount_N0_2002_A2,DP,HellMount,True,True,2,1,False,False,both,4024836.0,71041.0,,
DP_HellMount_N0_2002_A3,DP,HellMount,True,True,2,4,True,True,both,5541402.0,5293495.0,306526.0,1607350.0
DP_HellMount_N0_2002_B1,DP,HellMount,True,True,2,4,True,True,both,2644673.0,2820914.0,52055.0,652003.0
DP_HellMount_N0_2002_B2,DP,HellMount,True,True,2,4,True,True,both,4815158.0,4197583.0,128636.0,1648161.0
DP_HellMount_N0_2002_B3,DP,HellMount,True,True,2,4,True,True,both,6033794.0,3875022.0,127162.0,2016112.0
DP_Hell_N0_2001_A1,DP,Hell,True,True,2,4,True,True,both,1219846.0,1578400.0,5355.0,394854.0
DP_Hell_N0_2001_B1,DP,Hell,True,True,2,4,True,True,both,4121289.0,4749904.0,46319.0,2286141.0
DP_Hell_N0_2001_C1,DP,Hell,True,True,2,4,True,True,both,3883712.0,6421049.0,10378.0,712168.0
DP_Hell_N0_2001_D1,DP,Hell,True,True,2,4,True,True,both,2300131.0,2731163.0,13318.0,452799.0
DP_Hell_N0_2001_E1,DP,Hell,True,True,2,4,True,True,both,2690099.0,3515254.0,63157.0,828223.0
DP_Hell_N0_2001_F1,DP,Hell,True,True,2,4,True,True,both,1400348.0,2093500.0,73786.0,527870.0
DP_Hell_N0_2001_G1,DP,Hell,True,True,2,4,True,True,both,4616006.0,6959624.0,219233.0,1858675.0
DP_Hell_N0_2001_H1,DP,Hell,True,True,2,4,True,True,both,1652452.0,1962805.0,25185.0,492040.0
DP_Krosa_N0_1001_A1,DP,Krosa,True,False,2,0,False,False,cotc_only,1207439.0,,,
DP_Krosa_N0_1001_B1,DP,Krosa,True,False,2,0,False,False,cotc_only,390489.0,,,
DP_Krosa_N0_1001_C1,DP,Krosa,True,False,2,0,False,False,cotc_only,207652.0,,,
DP_Krosa_N0_1001_D1,DP,Krosa,True,False,2,0,False,False,cotc_only,608034.0,,,
DP_Krosa_N0_1001_E1,DP,Krosa,True,False,2,0,False,False,cotc_only,601815.0,,,
DP_Krosa_N0_1001_F1,DP,Krosa,True,False,2,0,False,False,cotc_only,375051.0,,,
DP_Krosa_N0_1001_G1,DP,Krosa,True,False,2,0,False,False,cotc_only,590377.0,,,
DP_Krosa_N0_1001_H1,DP,Krosa,True,False,2,0,False,False,cotc_only,419899.0,,,
DP_Krosa_N0_1001_I1,DP,Krosa,True,False,2,0,False,False,cotc_only,145263.0,,,
DP_Mount_N0_1001_A1,DP,Mount,True,True,2,4,True,True,both,2081856.0,4215870.0,34142.0,578409.0
DP_Mount_N0_1001_B1,DP,Mount,True,True,2,4,True,True,both,2158364.0,3789290.0,62810.0,687802.0
DP_Mount_N0_1001_C1,DP,Mount,True,True,2,4,True,True,both,1991755.0,3224357.0,58408.0,660447.0
DP_Mount_N0_1009_A1,DP,Mount,True,True,2,4,True,True,both,1879643.0,3413804.0,41455.0,778106.0
DP_Mount_N0_2001_A1,DP,Mount,True,True,2,4,True,True,both,2193803.0,6609018.0,442679.0,793075.0
DP_Mount_N0_2001_B1,DP,Mount,True,True,2,4,True,True,both,1307627.0,2134403.0,259954.0,252630.0
DP_Mount_N0_2001_C1,DP,Mount,True,True,2,4,True,True,both,4933856.0,3009112.0,182206.0,1493753.0
DP_Mount_N0_2001_D1,DP,Mount,True,True,2,4,True,True,both,6186171.0,7533005.0,492502.0,2014585.0
DP_Mount_N0_2009_A1,DP,Mount,True,True,2,4,True,True,both,2345055.0,3828516.0,223655.0,666983.0
DP_OblCliff_N0_1003_B1,DP,OblCliff,True,True,2,1,False,False,both,2518486.0,26196.0,,
DP_OblSea_N0_1001_A1,DP,OblSea,True,False,2,0,False,False,cotc_only,2411007.0,,,
DP_OblSea_N0_1001_B1,DP,OblSea,True,True,2,1,False,False,both,2178189.0,35530.0,,
DP_OblSea_N0_1001_C1,DP,OblSea,True,True,2,1,False,False,both,845881.0,8260.0,,
DP_OblSea_N0_1001_D1,DP,OblSea,True,True,2,1,False,False,both,806767.0,8253.0,,
DP_Other_N0_5001_A1,DP,Other,True,False,2,0,False,False,cotc_only,2507367.0,,,
DP_Other_N0_5001_B1,DP,Other,True,False,2,0,False,False,cotc_only,3752710.0,,,
DP_Other_N0_5001_C1,DP,Other,True,False,2,0,False,False,cotc_only,4399230.0,,,
DP_Other_N0_9001_A1,DP,Other,False,True,0,4,True,True,ot0_only,,3198599.0,64341.0,757077.0
DP_Other_N0_9001_B1,DP,Other,False,True,0,4,True,True,ot0_only,,8417561.0,18726.0,604907.0
DP_Plain_N0_0002_A1,DP,Plain,True,False,2,0,False,False,cotc_only,4106836.0,,,
DP_Plain_N0_0003_A1,DP,Plain,True,False,2,0,False,False,cotc_only,4213094.0,,,
DP_Plain_N0_0003_B1,DP,Plain,True,False,2,0,False,False,cotc_only,1015760.0,,,
DP_Plain_N0_0004_A1,DP,Plain,True,False,2,0,False,False,cotc_only,4195256.0,,,
DP_Plain_N0_0004_B1,DP,Plain,True,False,2,0,False,False,cotc_only,6729894.0,,,
DP_Plain_N0_0004_C1,DP,Plain,True,False,2,0,False,False,cotc_only,8483619.0,,,
DP_Plain_N0_0004_C2,DP,Plain,True,False,2,0,False,False,cotc_only,2816738.0,,,
DP_Plain_N0_0004_C3,DP,Plain,True,False,2,0,False,False,cotc_only,9138886.0,,,
DP_Plain_N0_0005_A1,DP,Plain,True,False,2,0,False,False,cotc_only,968694.0,,,
DP_Plain_N0_1001_A1,DP,Plain,True,True,2,4,True,True,both,2162227.0,2151430.0,73444.0,828342.0
DP_Plain_N0_1001_B1,DP,Plain,True,True,2,4,True,True,both,2301157.0,2471661.0,94302.0,850542.0
DP_Plain_N0_1002_A1,DP,Plain,True,True,2,4,True,True,both,2992500.0,2937216.0,70356.0,1150051.0
DP_Plain_N0_1002_B1,DP,Plain,True,True,2,4,True,True,both,2868561.0,2669018.0,29984.0,900579.0
DP_Plain_N0_1003_A1,DP,Plain,True,True,2,4,True,True,both,3620917.0,6777009.0,40373.0,600757.0
DP_Plain_N0_1009_A1,DP,Plain,True,True,2,4,True,True,both,1994347.0,2174392.0,33055.0,718353.0
DP_Plain_N0_2009_A1,DP,Plain,True,True,2,1,False,False,both,2599315.0,57518.0,,
DP_QPSCity1_N0_3001_A1,DP,QPSCity1,True,False,2,0,False,False,cotc_only,4435194.0,,,
DP_QPSCity_N0_1001_A1,DP,QPSCity,True,False,2,0,False,False,cotc_only,3395604.0,,,
DP_QPSCity_N0_1002_A1,DP,QPSCity,True,False,2,0,False,False,cotc_only,4570524.0,,,
DP_QPSCity_N0_1003_A1,DP,QPSCity,True,False,2,0,False,False,cotc_only,7279884.0,,,
DP_QPSCity_N0_2001_A1,DP,QPSCity,True,False,2,0,False,False,cotc_only,5246990.0,,,
DP_QPSCity_N0_2001_B1,DP,QPSCity,True,False,2,0,False,False,cotc_only,4229070.0,,,
DP_QPSCity_N0_2001_B2,DP,QPSCity,True,False,2,0,False,False,cotc_only,5379054.0,,,
DP_QPSCity_N0_2001_B3,DP,QPSCity,True,False,2,0,False,False,cotc_only,1456840.0,,,
DP_QPSCity_N0_2001_B4,DP,QPSCity,True,False,2,0,False,False,cotc_only,1966465.0,,,
DP_QPSCity_N0_2001_C1,DP,QPSCity,True,False,2,0,False,False,cotc_only,2974551.0,,,
DP_QPSCity_N0_2001_C2,DP,QPSCity,True,False,2,0,False,False,cotc_only,310976.0,,,
DP_QPSCity_N0_2001_D1,DP,QPSCity,True,False,2,0,False,False,cotc_only,1582483.0,,,
DP_QPSDesert_N0_1001_A1,DP,QPSDesert,True,False,2,0,False,False,cotc_only,3120187.0,,,
DP_QPSDesert_N0_1001_A2,DP,QPSDesert,True,False,2,0,False,False,cotc_only,2052800.0,,,
DP_QPSForest_N0_1001_A1,DP,QPSForest,True,False,2,0,False,False,cotc_only,3479045.0,,,
DP_QPSForest_N0_1002_A1,DP,QPSForest,True,False,2,0,False,False,cotc_only,4937176.0,,,
DP_QPSIsland_N0_1001_A1,DP,QPSIsland,True,False,2,0,False,False,cotc_only,3740919.0,,,
DP_QPSMount_N0_1001_A1,DP,QPSMount,True,False,2,0,False,False,cotc_only,5589918.0,,,
DP_QPSMount_N0_1001_A2,DP,QPSMount,True,False,2,0,False,False,cotc_only,5608788.0,,,
DP_QPSMount_N0_1001_B1,DP,QPSMount,True,False,2,0,False,False,cotc_only,4697601.0,,,
DP_QPSMount_N0_1001_B2,DP,QPSMount,True,False,2,0,False,False,cotc_only,9358958.0,,,
DP_QPSMount_N0_1001_C1,DP,QPSMount,True,False,2,0,False,False,cotc_only,2926106.0,,,
DP_QPSOther_N0_1001_A1,DP,QPSOther,True,False,2,0,False,False,cotc_only,3078917.0,,,
DP_QPSOther_N0_1002_A1,DP,QPSOther,True,False,2,0,False,False,cotc_only,4450242.0,,,
DP_QPSSea_N0_1001_A1,DP,QPSSea,True,False,2,0,False,False,cotc_only,2395806.0,,,
DP_QPSSea_N0_1001_A2,DP,QPSSea,True,False,2,0,False,False,cotc_only,3221457.0,,,
DP_QPSSea_N0_1001_A3,DP,QPSSea,True,False,2,0,False,False,cotc_only,4749965.0,,,
DP_QPSSea_N0_1001_B1,DP,QPSSea,True,False,2,0,False,False,cotc_only,5063867.0,,,
DP_QPSSea_N0_1001_B2,DP,QPSSea,True,False,2,0,False,False,cotc_only,403715.0,,,
DP_QPSSea_N0_1002_A1,DP,QPSSea,True,False,2,0,False,False,cotc_only,2478450.0,,,
DP_QPSSnow_N0_1001_A1,DP,QPSSnow,True,False,2,0,False,False,cotc_only,3115741.0,,,
DP_QPSSnow_N0_1001_A2,DP,QPSSnow,True,False,2,0,False,False,cotc_only,2283556.0,,,
DP_QPSWilderness_N0_1001_A1,DP,QPSWilderness,True,False,2,0,False,False,cotc_only,3717119.0,,,
DP_QPSWilderness_N0_1002_A1,DP,QPSWilderness,True,False,2,0,False,False,cotc_only,5172330.0,,,
DP_QPSWilderness_N0_1002_A2,DP,QPSWilderness,True,False,2,0,False,False,cotc_only,3377277.0,,,
DP_QPSWilderness_N0_1002_B1,DP,QPSWilderness,True,False,2,0,False,False,cotc_only,9681545.0,,,
DP_QPSWilderness_N0_1002_B2,DP,QPSWilderness,True,False,2,0,False,False,cotc_only,8234735.0,,,
DP_QPSWilderness_N0_1002_C1,DP,QPSWilderness,True,False,2,0,False,False,cotc_only,2600002.0,,,
DP_Ragasa_N0_0001_A1,DP,Ragasa,True,False,2,0,False,False,cotc_only,1164392.0,,,
DP_Ragasa_N0_0002_A1,DP,Ragasa,True,False,2,0,False,False,cotc_only,2562551.0,,,
DP_Ragasa_N0_0003_A1,DP,Ragasa,True,False,2,0,False,False,cotc_only,2036923.0,,,
DP_Ragasa_N0_0004_A1,DP,Ragasa,True,False,2,0,False,False,cotc_only,1973615.0,,,
DP_Ragasa_N0_0005_A1,DP,Ragasa,True,False,2,0,False,False,cotc_only,1993432.0,,,
DP_Ragasa_N0_0005_B1,DP,Ragasa,True,False,2,0,False,False,cotc_only,1549749.0,,,
DP_Ragasa_N0_0006_A1,DP,Ragasa,True,False,2,0,False,False,cotc_only,1185057.0,,,
DP_Ragasa_N0_0006_B1,DP,Ragasa,True,False,2,0,False,False,cotc_only,3427939.0,,,
DP_River_N0_1001_A1,DP,River,True,True,2,4,True,True,both,1960732.0,2929569.0,46252.0,539650.0
DP_River_N0_1001_B1,DP,River,True,True,2,4,True,True,both,1649874.0,4011851.0,29773.0,583019.0
DP_River_N0_1002_A1,DP,River,True,True,2,4,True,True,both,2407964.0,3993998.0,41942.0,649299.0
DP_River_N0_1002_B1,DP,River,True,True,2,4,True,True,both,5404986.0,7856080.0,434704.0,1257256.0
DP_River_N0_1009_A1,DP,River,True,True,2,1,False,False,both,1811668.0,41502.0,,
DP_River_N0_2001_A1,DP,River,True,True,2,4,True,True,both,2413426.0,3809908.0,60139.0,666232.0
DP_River_N0_2001_B1,DP,River,True,True,2,4,True,True,both,1653946.0,3185221.0,32857.0,741279.0
DP_River_N0_2009_A1,DP,River,True,True,2,4,True,True,both,2083898.0,3038082.0,86769.0,786090.0
DP_Sea_N0_1001_A1,DP,Sea,True,True,2,4,True,True,both,2389515.0,4767885.0,48077.0,597322.0
DP_Sea_N0_1001_B1,DP,Sea,True,True,2,4,True,True,both,2188239.0,3782328.0,37994.0,531129.0
DP_Sea_N0_1001_C1,DP,Sea,True,True,2,4,True,True,both,901985.0,1445297.0,57186.0,243125.0
DP_Sea_N0_1001_D1,DP,Sea,True,True,2,4,True,True,both,929318.0,888479.0,59693.0,381965.0
DP_Sea_N0_1009_A1,DP,Sea,True,True,2,1,False,False,both,1606345.0,40808.0,,
DP_Sea_N0_2001_A1,DP,Sea,True,True,2,4,True,True,both,2224033.0,3304018.0,159555.0,503137.0
DP_Sea_N0_2001_B1,DP,Sea,True,True,2,4,True,True,both,2600546.0,4064602.0,355800.0,682663.0
DP_Sea_N0_2002_A1,DP,Sea,True,True,2,1,False,False,both,3098339.0,115468.0,,
DP_Sea_N0_2002_A2,DP,Sea,True,True,2,4,True,True,both,2155753.0,4233584.0,28372.0,804834.0
DP_Sea_N0_2002_B1,DP,Sea,True,True,2,1,False,False,both,4314459.0,170427.0,,
DP_Sea_N0_2002_B2,DP,Sea,True,True,2,1,False,False,both,2835231.0,61860.0,,
DP_Sea_N0_2002_B3,DP,Sea,True,True,2,4,True,True,both,970624.0,3174431.0,50200.0,523741.0
DP_Sea_N0_2002_C1,DP,Sea,True,True,2,4,True,True,both,1609770.0,2225767.0,415602.0,457046.0
DP_Sea_N0_2009_A1,DP,Sea,True,True,2,4,True,True,both,2422492.0,3734277.0,37103.0,786816.0
DP_Sea_N0_9001_A1,DP,Sea,False,True,0,4,True,True,ot0_only,,2156877.0,17239.0,270833.0
DP_Sea_N0_9001_B1,DP,Sea,False,True,0,4,True,True,ot0_only,,1579219.0,17232.0,269309.0
DP_Sea_N0_9001_C1,DP,Sea,False,True,0,4,True,True,ot0_only,,1816079.0,156379.0,868394.0
DP_Sea_N0_9001_D1,DP,Sea,False,True,0,4,True,True,ot0_only,,1811357.0,13365.0,879298.0
DP_Sea_N0_9001_E1,DP,Sea,False,True,0,4,True,True,ot0_only,,2045845.0,17243.0,101440.0
DP_Sea_N0_9001_F1,DP,Sea,False,True,0,4,True,True,ot0_only,,2251723.0,13338.0,856525.0
DP_Sea_N0_9002_A1,DP,Sea,False,True,0,4,True,True,ot0_only,,8018269.0,63957.0,324175.0
DP_Sea_N0_9003_A1,DP,Sea,False,True,0,4,True,True,ot0_only,,3480814.0,37437.0,780009.0
DP_Snow_N0_1001_A1,DP,Snow,True,True,2,4,True,True,both,1562009.0,1874577.0,33795.0,488255.0
DP_Snow_N0_1001_B1,DP,Snow,True,True,2,4,True,True,both,4204286.0,4008123.0,29822.0,1328926.0
DP_Snow_N0_1002_A1,DP,Snow,True,True,2,4,True,True,both,3892734.0,9106098.0,7810.0,1359915.0
DP_Snow_N0_1002_B1,DP,Snow,True,True,2,4,True,True,both,5738228.0,6090532.0,362015.0,1491798.0
DP_Snow_N0_1003_A1,DP,Snow,True,True,2,7,True,True,both,2445362.0,3682280.0,73026.0,685085.0
DP_Snow_N0_1003_B1,DP,Snow,True,True,2,4,True,True,both,2902248.0,3269273.0,70192.0,751310.0
DP_Snow_N0_1004_A1,DP,Snow,True,True,2,4,True,True,both,1923596.0,3567765.0,173146.0,934556.0
DP_Snow_N0_1009_A1,DP,Snow,True,True,2,4,True,True,both,1838596.0,3841690.0,41316.0,780666.0
DP_Snow_N0_2001_A1,DP,Snow,True,True,2,4,True,True,both,3622391.0,3799360.0,41994.0,958606.0
DP_Snow_N0_2001_B1,DP,Snow,True,True,2,4,True,True,both,3739511.0,3768007.0,34252.0,975958.0
DP_Snow_N0_2002_A1,DP,Snow,True,True,2,4,True,True,both,3118979.0,6492805.0,64378.0,1405877.0
DP_Snow_N0_2002_B1,DP,Snow,True,True,2,4,True,True,both,1800492.0,3676282.0,88054.0,441776.0
DP_Snow_N0_2002_C1,DP,Snow,True,True,2,4,True,True,both,2585885.0,4113641.0,44821.0,946551.0
DP_Snow_N0_2003_A1,DP,Snow,True,True,2,4,True,True,both,533387.0,874550.0,18176.0,185016.0
DP_Snow_N0_2003_B1,DP,Snow,True,True,2,4,True,True,both,1701606.0,2188118.0,114117.0,501222.0
DP_Snow_N0_2003_B2,DP,Snow,True,False,2,0,False,False,cotc_only,9872312.0,,,
DP_Snow_N0_2003_B3,DP,Snow,True,False,2,0,False,False,cotc_only,9325405.0,,,
DP_Snow_N0_2003_B4,DP,Snow,True,False,2,0,False,False,cotc_only,466424.0,,,
DP_Snow_N0_2003_B5,DP,Snow,True,False,2,0,False,False,cotc_only,6560082.0,,,
DP_Snow_N0_2003_B6,DP,Snow,True,False,2,0,False,False,cotc_only,9372406.0,,,
DP_Snow_N0_2003_B7,DP,Snow,True,False,2,0,False,False,cotc_only,9309300.0,,,
DP_Snow_N0_2003_B8,DP,Snow,True,False,2,0,False,False,cotc_only,9273393.0,,,
DP_Snow_N0_2009_A1,DP,Snow,True,True,2,1,False,False,both,2376365.0,43079.0,,
EV_Atsani_N0_0001_A1,EV,Atsani,True,False,2,0,False,False,cotc_only,1031260.0,,,
EV_Atsani_N0_0002_A1,EV,Atsani,True,False,2,0,False,False,cotc_only,257112.0,,,
EV_Atsani_N0_0003_A1,EV,Atsani,True,False,2,0,False,False,cotc_only,81317.0,,,
EV_Atsani_N0_0004_A1,EV,Atsani,True,False,2,0,False,False,cotc_only,337548.0,,,
EV_Atsani_N0_0005_A1,EV,Atsani,True,False,2,0,False,False,cotc_only,334400.0,,,
EV_Atsani_N0_0006_A1,EV,Atsani,True,False,2,0,False,False,cotc_only,1972820.0,,,
EV_AutoDun_N0_1001_A1,EV,AutoDun,True,False,2,0,False,False,cotc_only,368457.0,,,
EV_Cliff_N0_1003_B1,EV,Cliff,True,False,2,0,False,False,cotc_only,923936.0,,,
EV_Cliff_N0_1003_C1,EV,Cliff,True,True,2,4,True,True,both,358659.0,387589.0,9462.0,8803.0
EV_Danas_N0_1001_A1,EV,Danas,True,False,2,0,False,False,cotc_only,431985.0,,,
EV_Danas_N0_1001_A2,EV,Danas,True,False,2,0,False,False,cotc_only,446447.0,,,
EV_Danas_N0_1002_A1,EV,Danas,True,False,2,0,False,False,cotc_only,123117.0,,,
EV_Danas_N0_1002_B1,EV,Danas,True,False,2,0,False,False,cotc_only,547100.0,,,
EV_Danas_N0_1003_B1,EV,Danas,True,False,2,0,False,False,cotc_only,1130401.0,,,
EV_Danas_N0_1004_A1,EV,Danas,True,False,2,0,False,False,cotc_only,66969.0,,,
EV_Dice_N0_1001_A1,EV,Dice,True,False,2,0,False,False,cotc_only,80435.0,,,
EV_Gacha_N0_0001_A1,EV,Gacha,True,False,1,0,False,False,cotc_only,108365.0,,,
EV_Gacha_N0_0001_B1,EV,Gacha,True,False,1,0,False,False,cotc_only,130817.0,,,
EV_Gacha_N0_0002_A1,EV,Gacha,True,False,1,0,False,False,cotc_only,271283.0,,,
EV_Gacha_N0_0002_B1,EV,Gacha,True,False,1,0,False,False,cotc_only,252507.0,,,
EV_Hagupit_N0_0001_A1,EV,Hagupit,True,False,2,0,False,False,cotc_only,1035199.0,,,
EV_Hagupit_N0_0002_A1,EV,Hagupit,True,False,2,0,False,False,cotc_only,377355.0,,,
EV_HellCliff_N0_2001_A1,EV,HellCliff,True,True,2,4,True,True,both,4484943.0,6783118.0,237342.0,11275.0
EV_HellCliff_N0_2002_A1,EV,HellCliff,True,True,2,4,True,True,both,679726.0,866923.0,13657.0,122503.0
EV_HellForest_N0_1001_A1,EV,HellForest,True,True,2,4,True,True,both,2775523.0,4717183.0,157218.0,204391.0
EV_HellMount_N0_2001_B1,EV,HellMount,True,True,2,3,False,True,both,724825.0,808610.0,,50720.0
EV_Hell_N0_2001_F1,EV,Hell,True,True,2,4,True,True,both,1070644.0,1949656.0,23033.0,112531.0
EV_Krosa_N0_1001_A1,EV,Krosa,True,False,2,0,False,False,cotc_only,37568.0,,,
EV_Krosa_N0_1001_B1,EV,Krosa,True,False,2,0,False,False,cotc_only,110548.0,,,
EV_Krosa_N0_1001_C1,EV,Krosa,True,False,2,0,False,False,cotc_only,225276.0,,,
EV_Mount_N0_2001_C1,EV,Mount,False,True,0,1,False,False,ot0_only,,3061.0,,
EV_Nakri_N0_1001_A1,EV,Nakri,True,False,2,0,False,False,cotc_only,2815255.0,,,
EV_Nakri_N0_1002_A1,EV,Nakri,True,False,2,0,False,False,cotc_only,137124.0,,,
EV_Other1_N0_0001_A1,EV,Other1,True,False,2,0,False,False,cotc_only,542058.0,,,
EV_Other1_N0_0002_A1,EV,Other1,True,False,2,0,False,False,cotc_only,940572.0,,,
EV_Other4_N0_0001_A1,EV,Other4,True,False,2,0,False,False,cotc_only,84011.0,,,
EV_Other_N0_0001_A1,EV,Other,True,True,2,1,False,False,both,93671.0,384.0,,
EV_Other_N0_0002_A1,EV,Other,True,True,2,1,False,False,both,113571.0,384.0,,
EV_Other_N0_0003_A1,EV,Other,True,True,2,1,False,False,both,320718.0,384.0,,
EV_Other_N0_0004_A1,EV,Other,True,True,2,1,False,False,both,289401.0,384.0,,
EV_Other_N0_0005_A1,EV,Other,True,True,2,1,False,False,both,120368.0,384.0,,
EV_Other_N0_0010_A1,EV,Other,True,True,2,1,False,False,both,66991.0,384.0,,
EV_Other_N0_0010_B1,EV,Other,True,False,2,0,False,False,cotc_only,103456.0,,,
EV_Other_N0_0011_A1,EV,Other,True,True,2,1,False,False,both,65575.0,384.0,,
EV_Other_N0_0011_B1,EV,Other,True,False,2,0,False,False,cotc_only,108316.0,,,
EV_Other_N0_0020_A1,EV,Other,True,True,2,1,False,False,both,66945.0,384.0,,
EV_Other_N0_0020_B1,EV,Other,True,False,2,0,False,False,cotc_only,101730.0,,,
EV_Other_N0_0021_A1,EV,Other,True,True,2,1,False,False,both,63274.0,384.0,,
EV_Other_N0_0021_B1,EV,Other,True,False,2,0,False,False,cotc_only,108251.0,,,
EV_Other_N0_0030_A1,EV,Other,True,True,2,1,False,False,both,76706.0,384.0,,
EV_Other_N0_0030_B1,EV,Other,True,False,2,0,False,False,cotc_only,131605.0,,,
EV_Other_N0_0031_A1,EV,Other,True,True,2,1,False,False,both,73018.0,384.0,,
EV_Other_N0_0031_B1,EV,Other,True,False,2,0,False,False,cotc_only,135438.0,,,
EV_Other_N0_0040_A1,EV,Other,True,True,2,1,False,False,both,61813.0,384.0,,
EV_Other_N0_0040_B1,EV,Other,True,False,2,0,False,False,cotc_only,92510.0,,,
EV_Other_N0_0041_A1,EV,Other,True,True,2,1,False,False,both,54051.0,384.0,,
EV_Other_N0_0041_B1,EV,Other,True,False,2,0,False,False,cotc_only,89744.0,,,
EV_Other_N0_0050_A1,EV,Other,True,True,2,1,False,False,both,62285.0,384.0,,
EV_Other_N0_0050_B1,EV,Other,True,False,2,0,False,False,cotc_only,93587.0,,,
EV_Other_N0_0051_A1,EV,Other,True,True,2,1,False,False,both,54069.0,384.0,,
EV_Other_N0_0051_B1,EV,Other,True,False,2,0,False,False,cotc_only,89779.0,,,
EV_Other_N0_0060_A1,EV,Other,True,True,2,1,False,False,both,76731.0,384.0,,
EV_Other_N0_0060_B1,EV,Other,True,False,2,0,False,False,cotc_only,130014.0,,,
EV_Other_N0_0061_A1,EV,Other,True,True,2,1,False,False,both,73011.0,384.0,,
EV_Other_N0_0061_B1,EV,Other,True,False,2,0,False,False,cotc_only,135436.0,,,
EV_Other_N0_0070_A1,EV,Other,True,True,2,1,False,False,both,57986.0,384.0,,
EV_Other_N0_0070_B1,EV,Other,True,False,2,0,False,False,cotc_only,85147.0,,,
EV_Other_N0_0071_A1,EV,Other,True,True,2,1,False,False,both,54089.0,384.0,,
EV_Other_N0_0071_B1,EV,Other,True,False,2,0,False,False,cotc_only,89823.0,,,
EV_Other_N0_0080_A1,EV,Other,True,True,2,1,False,False,both,57789.0,384.0,,
EV_Other_N0_0080_B1,EV,Other,True,False,2,0,False,False,cotc_only,84050.0,,,
EV_Other_N0_0081_A1,EV,Other,True,True,2,1,False,False,both,54085.0,384.0,,
EV_Other_N0_0081_B1,EV,Other,True,False,2,0,False,False,cotc_only,89816.0,,,
EV_Other_N0_0090_A1,EV,Other,True,True,2,1,False,False,both,172089.0,384.0,,
EV_Other_N0_0100_A1,EV,Other,True,True,2,1,False,False,both,53750.0,384.0,,
EV_Other_N0_0110_A1,EV,Other,True,False,2,0,False,False,cotc_only,58314.0,,,
EV_Other_N0_0120_A1,EV,Other,True,False,2,0,False,False,cotc_only,66576.0,,,
EV_Other_N0_1001_A1,EV,Other,True,True,2,1,False,False,both,1283259.0,1672.0,,
EV_Other_N0_1002_A1,EV,Other,True,True,2,3,False,True,both,450563.0,545759.0,,12136.0
EV_Other_N0_1003_A1,EV,Other,True,True,2,4,True,True,both,579573.0,822400.0,9332.0,10474.0
EV_Other_N0_1004_A1,EV,Other,True,True,2,4,True,True,both,665763.0,1673660.0,5386.0,10612.0
EV_Other_N0_1005_A1,EV,Other,True,True,2,3,False,True,both,392698.0,1140476.0,,10670.0
EV_Other_N0_1006_A1,EV,Other,True,True,2,4,True,True,both,274525.0,438065.0,5386.0,10612.0
EV_Other_N0_1007_A1,EV,Other,True,True,2,3,False,True,both,486136.0,856812.0,,10634.0
EV_Other_N0_1008_A1,EV,Other,True,True,2,4,True,True,both,829205.0,1371803.0,13510.0,10578.0
EV_Other_N0_1009_A1,EV,Other,True,True,2,4,True,True,both,2681284.0,2232497.0,24507.0,10805.0
EV_Other_N0_1010_A1,EV,Other,True,True,2,3,False,True,both,12287.0,16366.0,,23063.0
EV_Other_N0_1010_A2,EV,Other,True,False,2,0,False,False,cotc_only,12432.0,,,
EV_Other_N0_1010_A3,EV,Other,False,True,0,2,False,True,ot0_only,,16358.0,,23044.0
EV_Other_N0_1010_B1,EV,Other,True,False,2,0,False,False,cotc_only,12306.0,,,
EV_Other_N0_1011_A1,EV,Other,True,True,2,3,False,True,both,423438.0,497399.0,,8250.0
EV_Other_N0_1012_A1,EV,Other,True,True,2,4,True,True,both,439139.0,578921.0,35706.0,9937.0
EV_Other_N0_2001_A1,EV,Other,True,True,2,4,True,True,both,225326.0,1683500.0,197955.0,8753.0
EV_Other_N0_2001_B1,EV,Other,True,True,2,4,True,True,both,421359.0,1841428.0,426472.0,8753.0
EV_Other_N0_2001_C1,EV,Other,True,True,2,4,True,True,both,307885.0,1506374.0,179359.0,8753.0
EV_Other_N0_2001_D1,EV,Other,True,True,2,4,True,True,both,571799.0,2888615.0,497111.0,9615.0
EV_Other_N0_2002_A1,EV,Other,True,True,2,4,True,True,both,295147.0,1591803.0,13626.0,8200.0
EV_Other_N0_2002_B1,EV,Other,True,True,2,4,True,True,both,765654.0,5317438.0,5386.0,10094.0
EV_Other_N0_2003_A1,EV,Other,True,True,2,4,True,True,both,203548.0,907026.0,29292.0,11496.0
EV_Other_N0_2004_A1,EV,Other,True,True,2,3,False,True,both,192786.0,84991.0,,283612.0
EV_Other_N0_2005_A1,EV,Other,True,True,2,1,False,False,both,365921.0,2946.0,,
EV_Other_N0_2005_B1,EV,Other,True,True,2,1,False,False,both,348079.0,1628.0,,
EV_Other_N0_2006_A1,EV,Other,True,True,2,4,True,True,both,1067003.0,1539783.0,26711.0,32084.0
EV_Other_N0_2007_A1,EV,Other,True,True,2,4,True,True,both,249312.0,529061.0,140972.0,8753.0
EV_Other_N0_2007_B1,EV,Other,True,True,2,1,False,False,both,128296.0,384.0,,
EV_Other_N0_2008_A1,EV,Other,True,True,2,4,True,True,both,149044.0,326098.0,9965.0,8753.0
EV_Other_N0_2009_A1,EV,Other,True,True,2,3,False,True,both,460190.0,859515.0,,15541.0
EV_Other_N0_2010_A1,EV,Other,True,True,2,4,True,True,both,516894.0,1441158.0,152891.0,8753.0
EV_Other_N0_2011_A1,EV,Other,True,True,2,4,True,True,both,635365.0,1032948.0,49092.0,10480.0
EV_Other_N0_2012_A1,EV,Other,True,True,2,4,True,True,both,732275.0,644595.0,9441.0,1292481.0
EV_Other_N0_2013_A1,EV,Other,True,True,2,4,True,True,both,1496498.0,2489786.0,35469.0,101758.0
EV_Other_N0_2014_A1,EV,Other,True,True,2,4,True,True,both,993044.0,3200857.0,304667.0,11010.0
EV_Other_N0_2015_A1,EV,Other,True,True,2,1,False,False,both,12289.0,384.0,,
EV_Other_N0_2016_A1,EV,Other,True,True,2,4,True,True,both,176107.0,594743.0,18147.0,10455.0
EV_Other_N0_2017_A1,EV,Other,True,True,2,1,False,False,both,12289.0,384.0,,
EV_Other_N0_2018_A1,EV,Other,True,True,2,1,False,False,both,12289.0,384.0,,
EV_Other_N0_2019_A1,EV,Other,True,True,2,3,False,True,both,382206.0,575365.0,,47835.0
EV_Other_N0_2020_A1,EV,Other,True,True,2,4,True,True,both,307064.0,9190440.0,166647.0,11878.0
EV_Other_N0_2021_A1,EV,Other,True,True,2,4,True,True,both,862111.0,2754408.0,225901.0,10647.0
EV_Other_N0_2022_A1,EV,Other,True,True,2,4,True,True,both,576284.0,3017403.0,145536.0,10511.0
EV_Other_N0_2023_A1,EV,Other,True,True,2,4,True,True,both,1379716.0,2897059.0,291905.0,73632.0
EV_Other_N0_2023_A2,EV,Other,True,False,2,0,False,False,cotc_only,908153.0,,,
EV_Other_N0_2024_A1,EV,Other,True,True,2,4,True,True,both,240155.0,274359.0,13934.0,9945.0
EV_Other_N0_2025_A1,EV,Other,True,True,2,1,False,False,both,2359721.0,12236.0,,
EV_Other_N0_2026_A1,EV,Other,True,True,2,4,True,True,both,903520.0,1180215.0,30421.0,257095.0
EV_Other_N0_2027_A1,EV,Other,True,True,2,4,True,True,both,2365936.0,1076483.0,24432.0,127049.0
EV_Other_N0_2028_A1,EV,Other,True,True,2,1,False,False,both,250154.0,384.0,,
EV_Other_N0_2029_A1,EV,Other,True,True,2,4,True,True,both,269872.0,3583247.0,5386.0,10690.0
EV_Other_N0_2030_A1,EV,Other,True,True,2,4,True,True,both,193507.0,1891552.0,113411.0,10687.0
EV_Other_N0_2030_B1,EV,Other,True,True,2,4,True,True,both,207983.0,1818107.0,140130.0,10687.0
EV_Other_N0_2031_A1,EV,Other,True,True,2,4,True,True,both,418472.0,417671.0,9333.0,13547.0
EV_Other_N0_2032_A1,EV,Other,True,True,2,4,True,True,both,303317.0,843306.0,5386.0,17509.0
EV_Other_N0_2033_A1,EV,Other,True,True,2,1,False,False,both,850657.0,384.0,,
EV_Other_N0_2034_A1,EV,Other,True,True,2,1,False,False,both,917485.0,384.0,,
EV_Other_N0_2035_A1,EV,Other,True,True,2,1,False,False,both,338076.0,384.0,,
EV_Other_N0_2036_A1,EV,Other,True,True,2,3,False,True,both,496409.0,857510.0,,196331.0
EV_Other_N0_2037_A1,EV,Other,True,True,2,3,False,True,both,361977.0,1179652.0,,15603.0
EV_Other_N0_2038_A1,EV,Other,True,True,2,4,True,True,both,255035.0,581037.0,9320.0,39574.0
EV_Other_N0_2039_A1,EV,Other,True,True,2,3,False,True,both,3376113.0,4080634.0,,19794.0
EV_Other_N0_2039_A2,EV,Other,True,True,2,3,False,True,both,1159872.0,1449685.0,,14820.0
EV_Other_N0_2040_A1,EV,Other,True,True,2,4,True,True,both,243743.0,373977.0,9422.0,31441.0
EV_Other_N0_2041_A1,EV,Other,True,False,2,0,False,False,cotc_only,132997.0,,,
EV_Other_N0_2042_A1,EV,Other,True,False,2,0,False,False,cotc_only,85811.0,,,
EV_Other_N0_2043_A1,EV,Other,True,True,2,3,False,True,both,79409.0,121072.0,,8250.0
EV_Other_N0_2044_A1,EV,Other,True,True,2,4,True,True,both,220060.0,440008.0,9317.0,24935.0
EV_Other_N0_2045_A1,EV,Other,True,False,2,0,False,False,cotc_only,40147.0,,,
EV_Other_N0_2046_A1,EV,Other,True,False,2,0,False,False,cotc_only,38255.0,,,
EV_Other_N0_2047_A1,EV,Other,True,False,2,0,False,False,cotc_only,503504.0,,,
EV_Other_N0_2048_A1,EV,Other,True,True,2,1,False,False,both,931554.0,384.0,,
EV_Other_N0_2049_A1,EV,Other,True,True,2,1,False,False,both,1129518.0,384.0,,
EV_Other_N0_2050_A1,EV,Other,True,True,2,3,False,True,both,129279.0,442021.0,,41158.0
EV_Other_N0_2051_A1,EV,Other,True,False,2,0,False,False,cotc_only,255182.0,,,
EV_Other_N0_2052_A1,EV,Other,True,False,2,0,False,False,cotc_only,2352620.0,,,
EV_Other_N0_2053_A1,EV,Other,True,False,2,0,False,False,cotc_only,841982.0,,,
EV_Other_N0_2054_A1,EV,Other,True,False,2,0,False,False,cotc_only,2731529.0,,,
EV_Other_N0_2055_A1,EV,Other,True,False,2,0,False,False,cotc_only,843141.0,,,
EV_Other_N0_2056_A1,EV,Other,True,False,2,0,False,False,cotc_only,3977283.0,,,
EV_Other_N0_2057_A1,EV,Other,True,False,2,0,False,False,cotc_only,147034.0,,,
EV_Other_N0_2060_A1,EV,Other,True,False,2,0,False,False,cotc_only,5094420.0,,,
EV_Other_N0_2061_A1,EV,Other,True,False,2,0,False,False,cotc_only,571950.0,,,
EV_Other_N0_3000_A1,EV,Other,False,True,0,1,False,False,ot0_only,,106623.0,,
EV_Other_N0_3010_A1,EV,Other,False,True,0,1,False,False,ot0_only,,106690.0,,
EV_Other_N0_3020_A1,EV,Other,False,True,0,1,False,False,ot0_only,,118190.0,,
EV_Other_N0_3030_A1,EV,Other,False,True,0,1,False,False,ot0_only,,106565.0,,
EV_Other_N0_3040_A1,EV,Other,False,True,0,1,False,False,ot0_only,,118910.0,,
EV_Other_N0_3050_A1,EV,Other,False,True,0,1,False,False,ot0_only,,112769.0,,
EV_Other_N0_3060_A1,EV,Other,False,True,0,1,False,False,ot0_only,,106563.0,,
EV_Other_N0_3070_A1,EV,Other,False,True,0,1,False,False,ot0_only,,112711.0,,
EV_Other_N0_9002_A1,EV,Other,False,True,0,2,False,True,ot0_only,,768457.0,,88160.0
EV_Plain_N0_0001_A1,EV,Plain,True,True,2,1,False,False,both,4338454.0,17725.0,,
EV_Plain_N0_0001_C1,EV,Plain,True,True,2,2,False,True,both,95900.0,203835.0,,8831.0
EV_Plain_N0_1001_A1,EV,Plain,True,False,2,0,False,False,cotc_only,721581.0,,,
EV_Plain_N0_1001_B1,EV,Plain,True,False,2,0,False,False,cotc_only,245490.0,,,
EV_QPSCity1_N0_3002_A1,EV,QPSCity1,True,False,2,0,False,False,cotc_only,1698728.0,,,
EV_QPSCity_N0_0001_A1,EV,QPSCity,True,False,2,0,False,False,cotc_only,3430896.0,,,
EV_QPSCity_N0_0001_B1,EV,QPSCity,True,False,2,0,False,False,cotc_only,236920.0,,,
EV_QPSCity_N0_1001_C1,EV,QPSCity,True,False,2,0,False,False,cotc_only,1192275.0,,,
EV_QPSCity_N0_2001_C2,EV,QPSCity,True,False,2,0,False,False,cotc_only,77885.0,,,
EV_QPSCity_N0_2001_C3,EV,QPSCity,True,False,2,0,False,False,cotc_only,37729.0,,,
EV_QPSDesert_N0_1001_A1,EV,QPSDesert,True,False,2,0,False,False,cotc_only,1379820.0,,,
EV_QPSDesert_N0_1002_A1,EV,QPSDesert,True,False,2,0,False,False,cotc_only,761710.0,,,
EV_QPSGacha_N0_0001_A1,EV,QPSGacha,True,False,2,0,False,False,cotc_only,164739.0,,,
EV_QPSIsland_N0_0001_A1,EV,QPSIsland,True,False,2,0,False,False,cotc_only,1160552.0,,,
EV_QPSMount_N0_1001_A1,EV,QPSMount,True,False,2,0,False,False,cotc_only,1406922.0,,,
EV_QPSOther_N0_0010_A1,EV,QPSOther,True,False,2,0,False,False,cotc_only,152607.0,,,
EV_QPSOther_N0_1002_A1,EV,QPSOther,True,False,2,0,False,False,cotc_only,449959.0,,,
EV_QPSOther_N0_1002_A2,EV,QPSOther,True,False,2,0,False,False,cotc_only,565143.0,,,
EV_QPSOther_N0_1003_A1,EV,QPSOther,True,False,2,0,False,False,cotc_only,1561610.0,,,
EV_QPSOther_N0_1004_A1,EV,QPSOther,True,False,2,0,False,False,cotc_only,1644556.0,,,
EV_QPSOther_N0_1005_A1,EV,QPSOther,True,False,2,0,False,False,cotc_only,770293.0,,,
EV_QPSSea_N0_1001_A1,EV,QPSSea,True,False,2,0,False,False,cotc_only,372096.0,,,
EV_QPSSea_N0_1002_A1,EV,QPSSea,True,False,2,0,False,False,cotc_only,4164561.0,,,
EV_QPSWilderness_N0_1002_C1,EV,QPSWilderness,True,False,2,0,False,False,cotc_only,2418620.0,,,
EV_Ragasa_N0_0001_A1,EV,Ragasa,True,False,2,0,False,False,cotc_only,1247474.0,,,
EV_River_N0_1001_A1,EV,River,True,False,2,0,False,False,cotc_only,2119205.0,,,
EV_Sea1_N0_2001_A1,EV,Sea1,True,False,2,0,False,False,cotc_only,1481353.0,,,
EV_Sea_N0_1001_A1,EV,Sea,True,True,2,3,False,True,both,1805903.0,6457504.0,,10875.0
EV_Sea_N0_2001_C1,EV,Sea,True,False,2,0,False,False,cotc_only,389445.0,,,
EV_Sea_N0_9001_A1,EV,Sea,False,True,0,2,True,False,ot0_only,,35217702.0,174207.0,
EV_Snow_N0_2001_A1,EV,Snow,True,False,2,0,False,False,cotc_only,1074733.0,,,
EV_THE_N0_1001_A1,EV,THE,True,False,2,0,False,False,cotc_only,153291.0,,,
EV_Tower1_N0_0002_B3,EV,Tower1,True,False,2,0,False,False,cotc_only,409523.0,,,
EV_Tower_N0_0001_A1,EV,Tower,True,False,2,0,False,False,cotc_only,561699.0,,,
EV_Tower_N0_0001_B1,EV,Tower,True,False,2,0,False,False,cotc_only,747972.0,,,
EV_Tower_N0_0002_A1,EV,Tower,True,False,2,0,False,False,cotc_only,922787.0,,,
EV_Tower_N0_0002_B1,EV,Tower,True,False,2,0,False,False,cotc_only,469075.0,,,
EV_Tower_N0_0002_B2,EV,Tower,True,False,2,0,False,False,cotc_only,448157.0,,,
FB_Cliff_N0_1001_A1,FB,Cliff,True,True,2,4,True,True,both,330476.0,4710274.0,7731.0,8241.0
FB_Cliff_N0_1002_A1,FB,Cliff,True,True,2,4,True,True,both,334277.0,4658690.0,7731.0,8241.0
FB_Desert_N0_1001_A1,FB,Desert,True,True,2,4,True,True,both,585906.0,4719830.0,22778.0,8309.0
FB_Desert_N0_2001_A1,FB,Desert,True,True,2,4,True,True,both,475855.0,5021138.0,22762.0,8309.0
FB_Forest_N0_1001_A1,FB,Forest,True,True,2,4,True,True,both,918084.0,6183463.0,11912.0,8309.0
FB_Forest_N0_1001_B1,FB,Forest,True,True,2,4,True,True,both,906239.0,6011944.0,11912.0,8722.0
FB_HellCliff_N0_1001_A1,FB,HellCliff,True,True,2,4,True,True,both,515080.0,5073369.0,30272.0,8513.0
FB_HellForest_N0_1001_A1,FB,HellForest,True,True,2,4,True,True,both,504717.0,6159947.0,63567.0,8581.0
FB_HellMount_N0_1001_A1,FB,HellMount,True,True,2,4,True,True,both,806195.0,7652201.0,91761.0,8898.0
FB_Mount_N0_1001_A1,FB,Mount,True,True,2,4,True,True,both,850657.0,5782040.0,7588.0,8572.0
FB_Mount_N0_2002_A1,FB,Mount,True,True,2,4,True,True,both,865477.0,6210698.0,28059.0,8572.0
FB_Mount_N0_2003_A1,FB,Mount,False,True,0,3,True,True,ot0_only,,5815295.0,7588.0,8553.0
FB_Plain_N0_1001_A1,FB,Plain,True,True,2,4,True,True,both,717502.0,5970267.0,25550.0,8241.0
FB_QPSCity_N0_1001_A1,FB,QPSCity,True,False,2,0,False,False,cotc_only,793928.0,,,
FB_QPSDesert_N0_1001_A1,FB,QPSDesert,True,False,2,0,False,False,cotc_only,457044.0,,,
FB_QPSForest_N0_1001_A1,FB,QPSForest,True,False,2,0,False,False,cotc_only,1419018.0,,,
FB_QPSIsland_N0_1001_A1,FB,QPSIsland,True,False,2,0,False,False,cotc_only,709121.0,,,
FB_QPSMount_N0_1001_A1,FB,QPSMount,True,False,2,0,False,False,cotc_only,1010624.0,,,
FB_QPSMount_N0_1002_A1,FB,QPSMount,True,False,2,0,False,False,cotc_only,1125678.0,,,
FB_QPSOther_N0_0001_A1,FB,QPSOther,True,False,2,0,False,False,cotc_only,319985.0,,,
FB_QPSSea_N0_1001_A1,FB,QPSSea,True,False,2,0,False,False,cotc_only,541855.0,,,
FB_QPSSea_N0_1004_A1,FB,QPSSea,True,False,2,0,False,False,cotc_only,712495.0,,,
FB_QPSSnow_N0_1001_A1,FB,QPSSnow,True,False,2,0,False,False,cotc_only,681546.0,,,
FB_QPSWilderness_N0_1001_A1,FB,QPSWilderness,True,False,2,0,False,False,cotc_only,663845.0,,,
FB_River_N0_1001_A1,FB,River,True,True,2,4,True,True,both,559626.0,5479118.0,28055.0,8241.0
FB_River_N0_2001_A1,FB,River,True,True,2,4,True,True,both,536769.0,7666705.0,7610.0,8241.0
FB_Sea_N0_1001_A1,FB,Sea,True,True,2,4,True,True,both,663306.0,3081636.0,9421.0,8105.0
FB_Sea_N0_9001_A1,FB,Sea,False,True,0,4,True,True,ot0_only,,5183946.0,46500.0,8153.0
FB_Snow_N0_1001_A1,FB,Snow,True,True,2,4,True,True,both,332357.0,4729780.0,50466.0,8173.0
FP_Cliff_N0_1001_A1,FP,Cliff,True,True,2,4,True,True,both,1792431.0,4354618.0,16167.0,671839.0
FP_Cliff_N0_1002_A1,FP,Cliff,True,True,2,4,True,True,both,1981432.0,4866332.0,59378.0,737047.0
FP_Cliff_N0_2001_A1,FP,Cliff,True,True,2,1,False,False,both,3558848.0,39070.0,,
FP_Cliff_N0_6001_A1,FP,Cliff,False,True,0,1,False,False,ot0_only,,25163.0,,
FP_Cliff_N0_6002_A1,FP,Cliff,False,True,0,1,False,False,ot0_only,,25673.0,,
FP_Desert_N0_1001_A1,FP,Desert,True,True,2,4,True,True,both,1622066.0,1575492.0,10423.0,685948.0
FP_Desert_N0_1002_A1,FP,Desert,True,True,2,4,True,True,both,1652087.0,2250143.0,10322.0,787057.0
FP_Desert_N0_2001_A1,FP,Desert,True,True,2,4,True,True,both,1964349.0,3094934.0,31851.0,767686.0
FP_Desert_N0_2002_A1,FP,Desert,True,True,2,4,True,True,both,1976130.0,3277300.0,31962.0,716265.0
FP_Forest_N0_1001_A1,FP,Forest,True,True,2,4,True,True,both,2753300.0,4482798.0,24673.0,1215959.0
FP_Forest_N0_1002_A1,FP,Forest,True,True,2,4,True,True,both,2651787.0,4393386.0,23590.0,723693.0
FP_Forest_N0_2001_A1,FP,Forest,True,True,2,4,True,True,both,3283301.0,5190020.0,38447.0,952441.0
FP_Forest_N0_9001_A1,FP,Forest,False,True,0,4,True,True,ot0_only,,36572461.0,63074.0,1420488.0
FP_HellCliff_N0_2001_A1,FP,HellCliff,True,True,2,4,True,True,both,1990021.0,4911484.0,227543.0,526252.0
FP_HellCliff_N0_2002_A1,FP,HellCliff,True,True,2,4,True,True,both,2168739.0,4929099.0,171640.0,566375.0
FP_HellMount_N0_2001_A1,FP,HellMount,True,True,2,4,True,True,both,5082334.0,10515814.0,242016.0,1556226.0
FP_Mount_N0_1001_A1,FP,Mount,True,True,2,4,True,True,both,2412526.0,4229531.0,25779.0,985712.0
FP_Mount_N0_1002_A1,FP,Mount,True,True,2,4,True,True,both,1951930.0,2968930.0,17704.0,754342.0
FP_Mount_N0_2001_A1,FP,Mount,True,True,2,3,False,True,both,2902510.0,6202220.0,,758244.0
FP_Mount_N0_2002_A1,FP,Mount,True,True,2,4,True,True,both,3084669.0,5067214.0,61231.0,727175.0
FP_Mount_N0_2003_A1,FP,Mount,True,True,2,4,True,True,both,3045363.0,4838713.0,58392.0,934413.0
FP_Plain_N0_0001_A1,FP,Plain,True,True,2,1,False,False,both,1726426.0,24297.0,,
FP_Plain_N0_1001_A1,FP,Plain,True,True,2,4,True,True,both,4355580.0,5479275.0,46132.0,807354.0
FP_Plain_N0_1002_A1,FP,Plain,True,True,2,4,True,True,both,2909368.0,11398566.0,48021.0,642906.0
FP_Plain_N0_2001_A1,FP,Plain,True,True,2,4,True,True,both,5967722.0,8047094.0,94644.0,1262967.0
FP_Plain_N0_2001_B1,FP,Plain,True,True,2,4,True,True,both,3960435.0,4713805.0,25701.0,724761.0
FP_QPSCity1_N0_3001_A1,FP,QPSCity1,True,False,2,0,False,False,cotc_only,3881132.0,,,
FP_QPSCity1_N0_3002_A1,FP,QPSCity1,True,False,2,0,False,False,cotc_only,8317779.0,,,
FP_QPSCity_N0_1001_A1,FP,QPSCity,True,False,2,0,False,False,cotc_only,5602454.0,,,
FP_QPSCity_N0_2001_A1,FP,QPSCity,True,False,2,0,False,False,cotc_only,4084177.0,,,
FP_QPSDesert_N0_1001_A1,FP,QPSDesert,True,False,2,0,False,False,cotc_only,3761851.0,,,
FP_QPSForest_N0_1001_A1,FP,QPSForest,True,False,2,0,False,False,cotc_only,5552254.0,,,
FP_QPSForest_N0_1002_A1,FP,QPSForest,True,False,2,0,False,False,cotc_only,6186547.0,,,
FP_QPSIsland_N0_1001_A1,FP,QPSIsland,True,False,2,0,False,False,cotc_only,3848102.0,,,
FP_QPSIsland_N0_1002_A1,FP,QPSIsland,True,False,2,0,False,False,cotc_only,3992128.0,,,
FP_QPSMount_N0_1001_A1,FP,QPSMount,True,False,2,0,False,False,cotc_only,5598531.0,,,
FP_QPSMount_N0_1002_A1,FP,QPSMount,True,False,2,0,False,False,cotc_only,5765156.0,,,
FP_QPSOther_N0_0001_A1,FP,QPSOther,True,False,2,0,False,False,cotc_only,4041352.0,,,
FP_QPSSea_N0_1002_A1,FP,QPSSea,True,False,2,0,False,False,cotc_only,4685614.0,,,
FP_QPSSea_N0_1003_A1,FP,QPSSea,True,False,2,0,False,False,cotc_only,7167446.0,,,
FP_QPSSea_N0_1004_A1,FP,QPSSea,True,False,2,0,False,False,cotc_only,4126258.0,,,
FP_QPSSea_N0_1004_A2,FP,QPSSea,True,False,2,0,False,False,cotc_only,4151234.0,,,
FP_QPSSea_N0_1004_A3,FP,QPSSea,True,False,2,0,False,False,cotc_only,4119137.0,,,
FP_QPSSnow_N0_1001_A1,FP,QPSSnow,True,False,2,0,False,False,cotc_only,3728905.0,,,
FP_QPSSnow_N0_1002_A1,FP,QPSSnow,True,False,2,0,False,False,cotc_only,1041542.0,,,
FP_QPSWilderness_N0_1001_A1,FP,QPSWilderness,True,False,2,0,False,False,cotc_only,6217131.0,,,
FP_QPSWilderness_N0_1002_A1,FP,QPSWilderness,True,False,2,0,False,False,cotc_only,7863627.0,,,
FP_River_N0_1001_A1,FP,River,True,True,2,4,True,True,both,2409976.0,4101707.0,33789.0,736544.0
FP_River_N0_1002_A1,FP,River,True,True,2,4,True,True,both,2060609.0,4592028.0,41936.0,735257.0
FP_River_N0_2001_A1,FP,River,True,True,2,4,True,True,both,2465775.0,3672708.0,33422.0,792584.0
FP_Sea_N0_1001_A1,FP,Sea,True,True,2,4,True,True,both,1716643.0,3185599.0,46983.0,630382.0
FP_Sea_N0_1002_A1,FP,Sea,True,True,2,4,True,True,both,2143045.0,3155620.0,37711.0,659022.0
FP_Sea_N0_2001_A1,FP,Sea,True,True,2,4,True,True,both,2409804.0,5413379.0,50230.0,932318.0
FP_Sea_N0_9001_A1,FP,Sea,False,True,0,4,True,True,ot0_only,,36386646.0,174207.0,2673404.0
FP_Snow_N0_1001_A1,FP,Snow,True,True,2,4,True,True,both,1728107.0,2516619.0,73035.0,729451.0
FP_Snow_N0_1002_A1,FP,Snow,True,True,2,4,True,True,both,2185274.0,4897863.0,103151.0,784141.0
FP_Snow_N0_2001_A1,FP,Snow,True,True,2,4,True,True,both,2587297.0,5289082.0,103149.0,840889.0
FP_Snow_N0_2002_A1,FP,Snow,True,True,2,4,True,True,both,1258252.0,4716326.0,62638.0,686582.0
HB_Hagupit_N0_0001_A1,HB,Hagupit,True,False,2,0,False,False,cotc_only,694196.0,,,
HB_Hagupit_N0_0001_A2,HB,Hagupit,True,False,2,0,False,False,cotc_only,765173.0,,,
HB_Jangmi_N0_0005_A1,HB,Jangmi,True,False,2,0,False,False,cotc_only,602697.0,,,
HB_THE_N0_1001_A1,HB,THE,True,False,2,0,False,False,cotc_only,149254.0,,,
HP_Cliff_N0_1009_A1,HP,Cliff,True,True,2,1,False,False,both,2376135.0,42796.0,,
HP_Danas_N0_1001_A1,HP,Danas,True,False,2,0,False,False,cotc_only,890660.0,,,
HP_Danas_N0_1001_A2,HP,Danas,True,False,2,0,False,False,cotc_only,890696.0,,,
HP_Desert_N0_1009_A1,HP,Desert,True,True,2,1,False,False,both,2509009.0,43477.0,,
HP_Forest_N0_1009_A1,HP,Forest,True,True,2,1,False,False,both,2405381.0,31594.0,,
HP_Hagupit_N0_0001_A1,HP,Hagupit,True,False,2,0,False,False,cotc_only,2577870.0,,,
HP_Hagupit_N0_0002_A1,HP,Hagupit,True,False,2,0,False,False,cotc_only,2697811.0,,,
HP_Hagupit_N0_0003_A1,HP,Hagupit,True,False,2,0,False,False,cotc_only,3420183.0,,,
HP_Hagupit_N0_0004_A1,HP,Hagupit,True,False,2,0,False,False,cotc_only,3438515.0,,,
HP_Jangmi_N0_0001_A1,HP,Jangmi,True,False,2,0,False,False,cotc_only,2176541.0,,,
HP_Jangmi_N0_0002_A1,HP,Jangmi,True,False,2,0,False,False,cotc_only,3040004.0,,,
HP_Jangmi_N0_0003_A1,HP,Jangmi,True,False,2,0,False,False,cotc_only,3746953.0,,,
HP_Jangmi_N0_0004_A1,HP,Jangmi,True,False,2,0,False,False,cotc_only,3195638.0,,,
HP_Jangmi_N0_0005_A1,HP,Jangmi,True,False,2,0,False,False,cotc_only,2704290.0,,,
HP_Jangmi_N0_0006_A1,HP,Jangmi,True,False,2,0,False,False,cotc_only,2732092.0,,,
HP_Mount_N0_1009_A1,HP,Mount,True,True,2,1,False,False,both,1926326.0,46849.0,,
HP_Nakri_N0_1001_A1,HP,Nakri,True,False,2,0,False,False,cotc_only,890592.0,,,
HP_Nakri_N0_1001_A2,HP,Nakri,True,False,2,0,False,False,cotc_only,890572.0,,,
HP_Other_N0_5001_A1,HP,Other,True,False,2,0,False,False,cotc_only,2126780.0,,,
HP_Other_N0_5001_B1,HP,Other,True,False,2,0,False,False,cotc_only,3242054.0,,,
HP_Other_N0_5001_C1,HP,Other,True,False,2,0,False,False,cotc_only,3708304.0,,,
HP_Plain_N0_0001_H1,HP,Plain,True,True,2,1,False,False,both,906167.0,13525.0,,
HP_Plain_N0_0001_H2,HP,Plain,True,True,2,1,False,False,both,906167.0,13525.0,,
HP_Plain_N0_0001_H3,HP,Plain,True,True,2,1,False,False,both,906272.0,13525.0,,
HP_Plain_N0_0001_H4,HP,Plain,True,False,2,0,False,False,cotc_only,890922.0,,,
HP_Plain_N0_1009_A1,HP,Plain,True,True,2,1,False,False,both,2029675.0,40126.0,,
HP_Ragasa_N0_0001_A1,HP,Ragasa,True,False,2,0,False,False,cotc_only,2002630.0,,,
HP_Ragasa_N0_0002_A1,HP,Ragasa,True,False,2,0,False,False,cotc_only,1177538.0,,,
HP_Ragasa_N0_0003_A1,HP,Ragasa,True,False,2,0,False,False,cotc_only,2561841.0,,,
HP_Ragasa_N0_0004_A1,HP,Ragasa,True,False,2,0,False,False,cotc_only,1979212.0,,,
HP_Ragasa_N0_0005_A1,HP,Ragasa,True,False,2,0,False,False,cotc_only,2035684.0,,,
HP_River_N0_1009_A1,HP,River,True,True,2,1,False,False,both,1894778.0,39467.0,,
HP_Sea_N0_1009_A1,HP,Sea,True,True,2,1,False,False,both,1653894.0,41465.0,,
HP_Snow_N0_1009_A1,HP,Snow,True,True,2,1,False,False,both,1818940.0,32173.0,,
HP_Snow_N0_2009_A1,HP,Snow,True,True,2,1,False,False,both,2175572.0,17720.0,,
HP_THE_N0_1001_A1,HP,THE,True,False,2,0,False,False,cotc_only,592422.0,,,
HP_THE_N0_1001_B1,HP,THE,True,False,2,0,False,False,cotc_only,1109753.0,,,
HP_THE_N0_1001_C1,HP,THE,True,False,2,0,False,False,cotc_only,1577828.0,,,
HP_THE_N0_1001_D1,HP,THE,True,False,2,0,False,False,cotc_only,2149690.0,,,
OP_Bolaven_N0_1001_A1,OP,Bolaven,True,False,2,0,False,False,cotc_only,1002525.0,,,
OP_Bolaven_N0_1001_B1,OP,Bolaven,True,False,2,0,False,False,cotc_only,829878.0,,,
OP_Bolaven_N0_1001_C1,OP,Bolaven,True,False,2,0,False,False,cotc_only,884487.0,,,
OP_Bolaven_N0_1002_A1,OP,Bolaven,True,False,2,0,False,False,cotc_only,1615911.0,,,
OP_Bolaven_N0_1003_A1,OP,Bolaven,True,False,2,0,False,False,cotc_only,2654405.0,,,
OP_Bolaven_N0_1004_A1,OP,Bolaven,True,False,2,0,False,False,cotc_only,2317437.0,,,
OP_Bolaven_N0_1005_A1,OP,Bolaven,True,False,2,0,False,False,cotc_only,3438993.0,,,
OP_Bolaven_N0_1006_A1,OP,Bolaven,True,False,2,0,False,False,cotc_only,3169954.0,,,
OP_Bolaven_N0_1006_B1,OP,Bolaven,True,False,2,0,False,False,cotc_only,3133468.0,,,
OP_Dice_N0_1001_A1,OP,Dice,True,False,2,0,False,False,cotc_only,2416142.0,,,
OP_Dice_N0_1001_B1,OP,Dice,True,False,2,0,False,False,cotc_only,2578751.0,,,
OP_Dice_N0_1001_C1,OP,Dice,True,False,2,0,False,False,cotc_only,3119071.0,,,
OP_Dice_N0_1001_D1,OP,Dice,True,False,2,0,False,False,cotc_only,2143103.0,,,
OP_Dice_N0_1001_E1,OP,Dice,True,False,2,0,False,False,cotc_only,4058714.0,,,
OP_Dice_N0_1001_F1,OP,Dice,True,False,2,0,False,False,cotc_only,4158985.0,,,
OP_Dice_N0_1001_G1,OP,Dice,True,False,2,0,False,False,cotc_only,3899007.0,,,
OP_Dice_N0_1002_A1,OP,Dice,True,False,2,0,False,False,cotc_only,1379438.0,,,
SB_Summon_N0_0001_A1,SB,Summon,True,False,2,0,False,False,cotc_only,77311.0,,,
SB_Summon_N0_0002_A1,SB,Summon,True,False,2,0,False,False,cotc_only,85977.0,,,
SB_Summon_N0_0003_A1,SB,Summon,True,False,2,0,False,False,cotc_only,67068.0,,,
SB_Summon_N0_0004_A1,SB,Summon,True,False,2,0,False,False,cotc_only,100996.0,,,
SB_Summon_N0_0005_A1,SB,Summon,True,False,2,0,False,False,cotc_only,70331.0,,,
SB_Summon_N0_0006_A1,SB,Summon,True,False,2,0,False,False,cotc_only,86185.0,,,
SB_Summon_N0_0007_A1,SB,Summon,True,False,2,0,False,False,cotc_only,87699.0,,,
SQ_EventSq_N0_0000_A1,SQ,EventSq,True,False,2,0,False,False,cotc_only,77268.0,,,
TB_Cliff_N0_1001_A1,TB,Cliff,False,True,0,3,False,True,ot0_only,,6015080.0,,8759.0
TB_Desert_N0_1001_A1,TB,Desert,False,True,0,4,True,True,ot0_only,,1993444.0,18684.0,8773.0
TB_Desert_N0_2001_A1,TB,Desert,False,True,0,4,True,True,ot0_only,,2083891.0,36729.0,8900.0
TB_Forest_N0_1001_A1,TB,Forest,False,True,0,4,True,True,ot0_only,,3296272.0,9366.0,8309.0
TB_Forest_N0_2001_A1,TB,Forest,False,True,0,4,True,True,ot0_only,,3363464.0,13672.0,8732.0
TB_HellCliff_N0_2001_A1,TB,HellCliff,False,True,0,4,True,True,ot0_only,,6503320.0,74381.0,5489.0
TB_HellForest_N0_1001_A1,TB,HellForest,False,True,0,4,True,True,ot0_only,,7241020.0,30923.0,8636.0
TB_HellMount_N0_2001_A1,TB,HellMount,False,True,0,4,True,True,ot0_only,,6800301.0,103635.0,5489.0
TB_Mount_N0_1002_A1,TB,Mount,False,True,0,3,False,True,ot0_only,,3684511.0,,8787.0
TB_Mount_N0_2001_A1,TB,Mount,False,True,0,4,True,True,ot0_only,,5562462.0,79462.0,8663.0
TB_Nakri_N0_1001_A1,TB,Nakri,True,False,2,0,False,False,cotc_only,702321.0,,,
TB_Nakri_N0_1001_A2,TB,Nakri,True,False,2,0,False,False,cotc_only,704071.0,,,
TB_Nakri_N0_1001_A3,TB,Nakri,True,False,2,0,False,False,cotc_only,705652.0,,,
TB_Other_N0_2050_A1,TB,Other,True,True,2,4,True,True,both,131427.0,2594103.0,9490.0,8698.0
TB_Other_N0_9001_A1,TB,Other,False,True,0,4,True,True,ot0_only,,9261178.0,22607.0,8753.0
TB_Other_N0_9001_B2,TB,Other,False,True,0,4,True,True,ot0_only,,6988543.0,183977.0,8753.0
TB_Other_N0_9002_A1,TB,Other,False,True,0,4,True,True,ot0_only,,11214452.0,22606.0,8753.0
TB_Plain_N0_0002_A1,TB,Plain,True,False,2,0,False,False,cotc_only,534623.0,,,
TB_Plain_N0_1001_A1,TB,Plain,False,True,0,3,False,True,ot0_only,,4184643.0,,5365.0
TB_Plain_N0_2001_A1,TB,Plain,False,True,0,4,True,True,ot0_only,,10456542.0,5384.0,9605.0
TB_QPSCity1_N0_3001_A1,TB,QPSCity1,True,False,2,0,False,False,cotc_only,1109162.0,,,
TB_QPSCity_N0_1001_A1,TB,QPSCity,True,False,2,0,False,False,cotc_only,842262.0,,,
TB_QPSCity_N0_1001_B1,TB,QPSCity,True,False,2,0,False,False,cotc_only,853029.0,,,
TB_QPSDesert_N0_1001_A1,TB,QPSDesert,True,False,2,0,False,False,cotc_only,572696.0,,,
TB_QPSForest_N0_1001_A1,TB,QPSForest,True,False,2,0,False,False,cotc_only,1479866.0,,,
TB_QPSIsland_N0_1001_A1,TB,QPSIsland,True,False,2,0,False,False,cotc_only,833981.0,,,
TB_QPSMount_N0_1001_A1,TB,QPSMount,True,False,2,0,False,False,cotc_only,1403089.0,,,
TB_QPSMount_N0_2001_A1,TB,QPSMount,True,False,2,0,False,False,cotc_only,705777.0,,,
TB_QPSSea_N0_1001_A1,TB,QPSSea,True,False,2,0,False,False,cotc_only,831368.0,,,
TB_QPSSnow_N0_1001_A1,TB,QPSSnow,True,False,2,0,False,False,cotc_only,1127399.0,,,
TB_River_N0_1001_A1,TB,River,False,True,0,4,True,True,ot0_only,,8764579.0,10558.0,5365.0
TB_River_N0_2001_A1,TB,River,False,True,0,4,True,True,ot0_only,,4743098.0,104542.0,10560.0
TB_Sea_N0_1001_A1,TB,Sea,False,True,0,4,True,True,ot0_only,,3449295.0,16346.0,9473.0
TB_Sea_N0_2001_A1,TB,Sea,True,True,2,4,True,True,both,237296.0,1735402.0,7224.0,8518.0
TB_Sea_N0_2001_B1,TB,Sea,False,True,0,4,True,True,ot0_only,,5765138.0,5324.0,8665.0
TB_Sea_N0_2002_A1,TB,Sea,False,True,0,2,False,True,ot0_only,,2595510.0,,6153.0
TB_Snow_N0_1001_A1,TB,Snow,False,True,0,4,True,True,ot0_only,,13606178.0,5355.0,6603.0
TB_Snow_N0_2001_A1,TB,Snow,False,True,0,4,True,True,ot0_only,,3877608.0,88682.0,9470.0
TB_Snow_N0_2002_B1,TB,Snow,False,True,0,4,True,True,ot0_only,,3415409.0,118152.0,8608.0
TP_Cliff_N0_1001_A1,TP,Cliff,True,True,2,4,True,True,both,5381878.0,6984680.0,68067.0,2941156.0
TP_Cliff_N0_1001_A2,TP,Cliff,True,True,2,4,True,True,both,4739297.0,6936310.0,53733.0,1654923.0
TP_Cliff_N0_1001_B1,TP,Cliff,True,True,2,3,False,True,both,3218039.0,5364844.0,,1404980.0
TP_Cliff_N0_1001_B2,TP,Cliff,True,True,2,1,False,False,both,3054115.0,37033.0,,
TP_Cliff_N0_1001_C1,TP,Cliff,True,True,2,4,True,True,both,439476.0,448275.0,9447.0,113790.0
TP_Cliff_N0_2001_A1,TP,Cliff,True,True,2,1,False,False,both,4436607.0,52214.0,,
TP_Cliff_N0_2001_B1,TP,Cliff,True,True,2,1,False,False,both,945276.0,8211.0,,
TP_Cliff_N0_2001_C1,TP,Cliff,True,True,2,1,False,False,both,2629711.0,40654.0,,
TP_Cliff_N0_2001_D1,TP,Cliff,True,True,2,1,False,False,both,925627.0,101681.0,,
TP_Cliff_N0_2002_E1,TP,Cliff,True,True,2,4,True,True,both,1044203.0,3006218.0,5386.0,318540.0
TP_Cliff_N0_2002_E2,TP,Cliff,True,True,2,4,True,True,both,1064126.0,1086119.0,23785.0,313649.0
TP_Cliff_N0_2002_F1,TP,Cliff,True,True,2,4,True,True,both,2008738.0,2534936.0,21619.0,400638.0
TP_Cliff_N0_2002_F2,TP,Cliff,True,True,2,1,False,False,both,1981543.0,16294.0,,
TP_Cliff_N0_2002_G1,TP,Cliff,True,True,2,4,True,True,both,2707797.0,3015096.0,80109.0,890737.0
TP_Cliff_N0_6001_A1,TP,Cliff,False,True,0,1,False,False,ot0_only,,62907.0,,
TP_Cliff_N0_6001_B1,TP,Cliff,False,True,0,1,False,False,ot0_only,,37015.0,,
TP_Desert_N0_1001_A1,TP,Desert,True,True,2,3,False,True,both,5418843.0,7487278.0,,2863853.0
TP_Desert_N0_2001_A1,TP,Desert,True,True,2,4,True,True,both,5617825.0,7341577.0,114508.0,2148892.0
TP_Desert_N0_2001_B1,TP,Desert,True,True,2,4,True,True,both,2760410.0,3422457.0,64177.0,1014252.0
TP_Forest_N0_1001_A1,TP,Forest,True,True,2,4,True,True,both,3463511.0,4629745.0,25716.0,1835241.0
TP_Forest_N0_1001_B1,TP,Forest,True,True,2,4,True,True,both,3431782.0,4766770.0,37500.0,1743418.0
TP_Forest_N0_2001_A1,TP,Forest,True,True,2,4,True,True,both,3581422.0,5215121.0,21411.0,1624314.0
TP_Forest_N0_2001_B1,TP,Forest,True,True,2,4,True,True,both,2040133.0,2633461.0,13678.0,803773.0
TP_Forest_N0_2001_C1,TP,Forest,True,True,2,4,True,True,both,3617116.0,5719292.0,29993.0,1041962.0
TP_Forest_N0_2001_D1,TP,Forest,True,True,2,4,True,True,both,806044.0,664917.0,9598.0,491707.0
TP_Forest_N0_2002_A1,TP,Forest,True,True,2,4,True,True,both,3804521.0,8790416.0,13662.0,1243725.0
TP_Forest_N0_2002_B1,TP,Forest,True,True,2,4,True,True,both,3566986.0,10924876.0,17630.0,1327475.0
TP_Forest_N0_2003_A1,TP,Forest,True,False,2,0,False,False,cotc_only,3015131.0,,,
TP_Forest_N0_2003_B1,TP,Forest,True,False,2,0,False,False,cotc_only,2990527.0,,,
TP_Forest_N0_2003_C1,TP,Forest,True,False,2,0,False,False,cotc_only,868643.0,,,
TP_Forest_N0_2003_D1,TP,Forest,True,False,2,0,False,False,cotc_only,1212307.0,,,
TP_Forest_N0_2003_E1,TP,Forest,True,False,2,0,False,False,cotc_only,4128790.0,,,
TP_Forest_N0_6001_A1,TP,Forest,False,True,0,1,False,False,ot0_only,,35641.0,,
TP_Forest_N0_6001_B1,TP,Forest,False,True,0,1,False,False,ot0_only,,36125.0,,
TP_Heaven_N0_2001_A1,TP,Heaven,True,True,2,1,False,False,both,485338.0,34825.0,,
TP_HellCliff_N0_2001_A1,TP,HellCliff,True,True,2,4,True,True,both,5268463.0,8060303.0,202115.0,1887143.0
TP_HellCliff_N0_2001_B1,TP,HellCliff,True,True,2,4,True,True,both,3276892.0,6447646.0,120938.0,1102498.0
TP_HellCliff_N0_6001_A1,TP,HellCliff,False,True,0,1,False,False,ot0_only,,57585.0,,
TP_HellForest_N0_1001_A1,TP,HellForest,True,True,2,4,True,True,both,3152673.0,5218910.0,44096.0,924215.0
TP_HellForest_N0_1001_B1,TP,HellForest,True,True,2,4,True,True,both,3367279.0,5627567.0,127238.0,925297.0
TP_HellMount_N0_2001_A1,TP,HellMount,True,True,2,4,True,True,both,4588887.0,9017610.0,34803.0,1048488.0
TP_HellMount_N0_2001_B1,TP,HellMount,True,True,2,4,True,True,both,2749903.0,5246475.0,75178.0,650406.0
TP_Hell_N0_1001_A1,TP,Hell,True,False,2,0,False,False,cotc_only,1571669.0,,,
TP_Hell_N0_1001_B1,TP,Hell,True,False,2,0,False,False,cotc_only,1586203.0,,,
TP_Hell_N0_1001_C1,TP,Hell,True,False,2,0,False,False,cotc_only,1475921.0,,,
TP_Mount_N0_1002_A1,TP,Mount,True,True,2,4,True,True,both,4378606.0,6333240.0,25802.0,1871738.0
TP_Mount_N0_1002_B1,TP,Mount,True,True,2,4,True,True,both,4845143.0,6551070.0,32349.0,2449412.0
TP_Mount_N0_2001_A1,TP,Mount,True,True,2,4,True,True,both,4298034.0,6737471.0,265997.0,1491348.0
TP_Mount_N0_2002_A1,TP,Mount,False,True,0,1,False,False,ot0_only,,43647.0,,
TP_Nakri_N0_1001_A1,TP,Nakri,True,False,2,0,False,False,cotc_only,2408744.0,,,
TP_OblCliff_N0_1001_A1,TP,OblCliff,True,True,2,1,False,False,both,4725126.0,83636.0,,
TP_OblCliff_N0_1001_B1,TP,OblCliff,True,True,2,1,False,False,both,3052344.0,48910.0,,
TP_OblForest_N0_1001_A1,TP,OblForest,True,True,2,1,False,False,both,3048004.0,47119.0,,
TP_OblForest_N0_1001_B1,TP,OblForest,True,True,2,1,False,False,both,3136561.0,47848.0,,
TP_OblSea_N0_2002_A1,TP,OblSea,True,True,2,1,False,False,both,4880136.0,79713.0,,
TP_Other_N0_9001_A1,TP,Other,False,True,0,4,True,True,ot0_only,,24490566.0,5386.0,1497565.0
TP_Other_N0_9001_B1,TP,Other,False,True,0,3,False,True,ot0_only,,23899448.0,,1555494.0
TP_Other_N0_9002_A1,TP,Other,False,True,0,4,True,True,ot0_only,,13957066.0,5386.0,3302055.0
TP_Other_N0_9002_B1,TP,Other,False,True,0,3,False,True,ot0_only,,661318.0,,464900.0
TP_Other_N0_9003_A1,TP,Other,False,True,0,4,True,True,ot0_only,,21584090.0,35661.0,1885640.0
TP_Other_N0_9004_A1,TP,Other,False,True,0,4,True,True,ot0_only,,8416725.0,60861.0,272649.0
TP_Other_N0_9999_Z1,TP,Other,False,True,0,1,False,False,ot0_only,,384.0,,
TP_Other_N0_9999_Z9,TP,Other,False,True,0,1,False,False,ot0_only,,127015.0,,
TP_Plain_N0_0001_A1,TP,Plain,True,True,2,1,False,False,both,4112100.0,34615.0,,
TP_Plain_N0_0001_A2,TP,Plain,False,True,0,1,False,False,ot0_only,,26671.0,,
TP_Plain_N0_0001_B1,TP,Plain,True,True,2,1,False,False,both,6830449.0,75965.0,,
TP_Plain_N0_0001_B2,TP,Plain,False,True,0,1,False,False,ot0_only,,63075.0,,
TP_Plain_N0_0001_C1,TP,Plain,True,True,2,1,False,False,both,2681389.0,47365.0,,
TP_Plain_N0_0001_C2,TP,Plain,True,False,2,0,False,False,cotc_only,830573.0,,,
TP_Plain_N0_0001_D1,TP,Plain,True,True,2,1,False,False,both,1038058.0,44930.0,,
TP_Plain_N0_0001_D2,TP,Plain,True,True,2,1,False,False,both,898749.0,36871.0,,
TP_Plain_N0_0001_D3,TP,Plain,True,True,2,1,False,False,both,692257.0,27381.0,,
TP_Plain_N0_0001_D4,TP,Plain,True,True,2,1,False,False,both,846889.0,30107.0,,
TP_Plain_N0_0001_D5,TP,Plain,True,True,2,1,False,False,both,673575.0,20592.0,,
TP_Plain_N0_0001_D6,TP,Plain,True,True,2,1,False,False,both,1068245.0,35491.0,,
TP_Plain_N0_0001_D7,TP,Plain,True,True,2,1,False,False,both,967448.0,36727.0,,
TP_Plain_N0_0001_D8,TP,Plain,True,True,2,1,False,False,both,1022557.0,39520.0,,
TP_Plain_N0_0001_E1,TP,Plain,True,True,2,1,False,False,both,593306.0,5033.0,,
TP_Plain_N0_0001_F1,TP,Plain,True,True,2,1,False,False,both,902438.0,35522.0,,
TP_Plain_N0_0001_F2,TP,Plain,True,True,2,1,False,False,both,696001.0,24478.0,,
TP_Plain_N0_0001_F3,TP,Plain,True,True,2,1,False,False,both,875945.0,24557.0,,
TP_Plain_N0_0001_F4,TP,Plain,True,True,2,1,False,False,both,1420653.0,36699.0,,
TP_Plain_N0_0001_F5,TP,Plain,True,True,2,1,False,False,both,943883.0,32734.0,,
TP_Plain_N0_0001_F6,TP,Plain,True,True,2,1,False,False,both,605110.0,20122.0,,
TP_Plain_N0_0001_F7,TP,Plain,True,True,2,1,False,False,both,495015.0,15075.0,,
TP_Plain_N0_0001_F8,TP,Plain,True,True,2,1,False,False,both,825854.0,27290.0,,
TP_Plain_N0_0001_G1,TP,Plain,True,True,2,1,False,False,both,497449.0,10198.0,,
TP_Plain_N0_0001_H1,TP,Plain,True,False,2,0,False,False,cotc_only,499252.0,,,
TP_Plain_N0_0002_A1,TP,Plain,True,False,2,0,False,False,cotc_only,1266820.0,,,
TP_Plain_N0_0003_A1,TP,Plain,True,False,2,0,False,False,cotc_only,1003046.0,,,
TP_Plain_N0_1001_A1,TP,Plain,True,True,2,4,True,True,both,4749496.0,8854537.0,33791.0,2395241.0
TP_Plain_N0_1001_B1,TP,Plain,True,True,2,4,True,True,both,812962.0,1009445.0,21851.0,186504.0
TP_Plain_N0_1001_C1,TP,Plain,True,True,2,4,True,True,both,1149995.0,1246673.0,57020.0,752467.0
TP_Plain_N0_2001_A1,TP,Plain,True,True,2,4,True,True,both,2913419.0,5830604.0,30628.0,1260257.0
TP_Plain_N0_2001_B1,TP,Plain,True,True,2,4,True,True,both,2090739.0,4603204.0,110949.0,963948.0
TP_Plain_N0_2001_C1,TP,Plain,True,True,2,4,True,True,both,1686496.0,2616267.0,127593.0,787760.0
TP_Plain_N0_2001_D1,TP,Plain,True,True,2,4,True,True,both,1828822.0,1848621.0,195204.0,849737.0
TP_Plain_N0_2002_A1,TP,Plain,True,False,2,0,False,False,cotc_only,4219853.0,,,
TP_Plain_N0_2002_B1,TP,Plain,True,False,2,0,False,False,cotc_only,1044007.0,,,
TP_QPSCity1_N0_3001_A1,TP,QPSCity1,True,False,2,0,False,False,cotc_only,5634584.0,,,
TP_QPSCity_N0_1001_A1,TP,QPSCity,True,False,2,0,False,False,cotc_only,6654682.0,,,
TP_QPSCity_N0_1001_B1,TP,QPSCity,True,False,2,0,False,False,cotc_only,4199964.0,,,
TP_QPSCity_N0_1001_C1,TP,QPSCity,True,False,2,0,False,False,cotc_only,2208220.0,,,
TP_QPSCity_N0_1001_D1,TP,QPSCity,True,False,2,0,False,False,cotc_only,2627180.0,,,
TP_QPSCity_N0_2001_A1,TP,QPSCity,True,False,2,0,False,False,cotc_only,6966244.0,,,
TP_QPSCity_N0_2001_A2,TP,QPSCity,True,False,2,0,False,False,cotc_only,4001244.0,,,
TP_QPSCity_N0_2001_B1,TP,QPSCity,True,False,2,0,False,False,cotc_only,2453527.0,,,
TP_QPSDesert_N0_1001_A1,TP,QPSDesert,True,False,2,0,False,False,cotc_only,2703814.0,,,
TP_QPSForest_N0_1001_A1,TP,QPSForest,True,False,2,0,False,False,cotc_only,6085163.0,,,
TP_QPSForest_N0_1001_B1,TP,QPSForest,True,False,2,0,False,False,cotc_only,2697955.0,,,
TP_QPSIsland_N0_1001_A1,TP,QPSIsland,True,False,2,0,False,False,cotc_only,6857101.0,,,
TP_QPSMount_N0_1001_A1,TP,QPSMount,True,False,2,0,False,False,cotc_only,5885513.0,,,
TP_QPSMount_N0_1002_A1,TP,QPSMount,True,False,2,0,False,False,cotc_only,5227977.0,,,
TP_QPSMount_N0_2001_A1,TP,QPSMount,True,False,2,0,False,False,cotc_only,2611383.0,,,
TP_QPSSea_N0_1001_A1,TP,QPSSea,True,False,2,0,False,False,cotc_only,8461381.0,,,
TP_QPSSnow_N0_1001_A1,TP,QPSSnow,True,False,2,0,False,False,cotc_only,3698982.0,,,
TP_River_N0_1001_A1,TP,River,True,True,2,4,True,True,both,4057725.0,6404979.0,13389.0,1914054.0
TP_River_N0_2001_A1,TP,River,True,True,2,4,True,True,both,5030014.0,9725212.0,92784.0,2284320.0
TP_River_N0_2001_B1,TP,River,True,True,2,4,True,True,both,2806733.0,3947512.0,233716.0,832604.0
TP_Sea_N0_1001_A1,TP,Sea,True,True,2,4,True,True,both,4009088.0,5820311.0,34283.0,2509046.0
TP_Sea_N0_2001_A1,TP,Sea,True,True,2,4,True,True,both,4245348.0,6898369.0,10401.0,1379438.0
TP_Sea_N0_2001_B1,TP,Sea,True,True,2,4,True,True,both,2572003.0,4693789.0,5324.0,1131212.0
TP_Sea_N0_2001_C1,TP,Sea,True,True,2,4,True,True,both,618211.0,556052.0,9393.0,387452.0
TP_Sea_N0_2001_D1,TP,Sea,True,True,2,4,True,True,both,1694648.0,1878344.0,22006.0,660378.0
TP_Sea_N0_2002_A1,TP,Sea,True,True,2,4,True,True,both,4731333.0,7448771.0,155175.0,1444323.0
TP_Snow_N0_1001_A1,TP,Snow,True,True,2,4,True,True,both,4625571.0,7408310.0,102271.0,2347888.0
TP_Snow_N0_1001_B1,TP,Snow,True,True,2,4,True,True,both,2702285.0,5329142.0,49642.0,1356059.0
TP_Snow_N0_1001_C1,TP,Snow,True,True,2,4,True,True,both,720815.0,1522555.0,50512.0,179807.0
TP_Snow_N0_1002_A1,TP,Snow,True,True,2,1,False,False,both,419720.0,383.0,,
TP_Snow_N0_2001_A1,TP,Snow,True,True,2,4,True,True,both,3551962.0,6104246.0,143591.0,1515901.0
TP_Snow_N0_2001_B1,TP,Snow,True,True,2,4,True,True,both,1275822.0,4285111.0,50444.0,603413.0
TP_Snow_N0_2001_C1,TP,Snow,True,True,2,4,True,True,both,1893645.0,2014310.0,162924.0,1355480.0
TP_Snow_N0_2002_A1,TP,Snow,True,True,2,4,True,True,both,4550337.0,8898649.0,95562.0,1899733.0
TP_Snow_N0_2002_B1,TP,Snow,True,True,2,4,True,True,both,6372277.0,7319755.0,256850.0,1905275.0
TP_Snow_N0_2003_A1,TP,Snow,True,False,2,0,False,False,cotc_only,4021092.0,,,
TP_Snow_N0_2003_B1,TP,Snow,True,False,2,0,False,False,cotc_only,2294010.0,,,
TP_Snow_N0_2003_C1,TP,Snow,True,False,2,0,False,False,cotc_only,4325612.0,,,
TP_Snow_N0_2003_D1,TP,Snow,True,False,2,0,False,False,cotc_only,6290458.0,,,
